"Path","Title","Platform","Url","Tags","Status","NeedReview","Mistake","Note"
"2.28训练赛/A.AnotherA+BProblem.cpp","A.AnotherA+BProblem","2.28训练赛","","","","","",""
"2.28训练赛/E.ExpenditureReduction.cpp","E.ExpenditureReduction","2.28训练赛","","","","","",""
"2.28训练赛/G.Gua!.cpp","G.Gua!","2.28训练赛","","","","","",""
"2.28训练赛/H.HeirloomPainting.cpp","H.HeirloomPainting","2.28训练赛","","","","","",""
"2.28训练赛/N.NineIsGreaterThanTen.cpp","N.NineIsGreaterThanTen","2.28训练赛","","","","","",""
"AtCoder/ABC403/D - Forbidden Difference .cpp","D - Forbidden Difference ","AtCoder","https://atcoder.jp/contests/abc403/tasks/abc403_d","","","","",""
"AtCoder/ABC416/C - Concat (X-th) .cpp","C - Concat (X-th) ","AtCoder","https://atcoder.jp/contests/abc416/tasks/abc416_c","","","","",""
"AtCoder/ABC416/D - Match, Mod, Minimize 2 .cpp","D - Match, Mod, Minimize 2 ","AtCoder","https://atcoder.jp/contests/abc416/tasks/abc416_d","","","","",""
"AtCoder/ABC428/C - Brackets Stack Query .cpp","C - Brackets Stack Query ","AtCoder","https://atcoder.jp/contests/abc428/tasks/abc428_c","","","","",""
"AtCoder/ABC430/C - Truck Driver .cpp","C - Truck Driver ","AtCoder","https://atcoder.jp/contests/abc430/tasks/abc430_c","","","","",""
"AtCoder/ABC444/A.cpp","A","AtCoder","https://atcoder.jp/contests/abc444/tasks/abc444_a","","","","",""
"AtCoder/ABC444/B.cpp","B","AtCoder","https://atcoder.jp/contests/abc444/tasks/abc444_b","","","","",""
"AtCoder/ABC444/C.cpp","C","AtCoder","https://atcoder.jp/contests/abc444/tasks/abc444_c","","","","",""
"AtCoder/ABC444/D.cpp","D","AtCoder","https://atcoder.jp/contests/abc444/tasks/abc444_d","","","","",""
"AtCoder/ABC444/E.cpp","E","AtCoder","https://atcoder.jp/contests/abc444/tasks/abc444_e","","","","",""
"AtCoder/ABC446/A - Handmaid.cpp","A - Handmaid","AtCoder","https://atcoder.jp/contests/abc446/tasks/abc446_a","","","","",""
"AtCoder/ABC446/B - Greedy Draft.cpp","B - Greedy Draft","AtCoder","https://atcoder.jp/contests/abc446/tasks/abc446_b","","","","",""
"AtCoder/ABC446/C - Omelette Restaurant.cpp","C - Omelette Restaurant","AtCoder","https://atcoder.jp/contests/abc446/tasks/abc446_c","","","","",""
"AtCoder/ABC446/D - Max Straight.cpp","D - Max Straight","AtCoder","https://atcoder.jp/contests/abc446/tasks/abc446_d","","","","",""
"AtCoder/ABC446/E - Multiple-Free Sequences.cpp","E - Multiple-Free Sequences","AtCoder","https://atcoder.jp/contests/abc446/tasks/abc446_e","","","","",""
"AtCoder/ABC446/F - Reachable Set 2.cpp","F - Reachable Set 2","AtCoder","https://atcoder.jp/contests/abc446/tasks/abc446_f","","","","",""
"AtCoder/ABC448/A.cpp","A","AtCoder","https://atcoder.jp/contests/abc448/tasks/abc448_a","","","","",""
"AtCoder/ABC448/B - Pepper Addiction.cpp","B - Pepper Addiction","AtCoder","https://atcoder.jp/contests/abc448/tasks/abc448_b","","","","",""
"AtCoder/ABC448/C - Except and Min.cpp","C - Except and Min","AtCoder","https://atcoder.jp/contests/abc448/tasks/abc448_c","","","","",""
"AtCoder/ABC448/D - Integer-duplicated Path.cpp","D - Integer-duplicated Path","AtCoder","https://atcoder.jp/contests/abc448/tasks/abc448_d","","","","",""
"AtCoder/ABC449/A - π.cpp","A - π","AtCoder","https://atcoder.jp/contests/abc449/tasks/abc449_a","","","","",""
"AtCoder/ABC449/B - Deconstruct Chocolate .cpp","B - Deconstruct Chocolate ","AtCoder","https://atcoder.jp/contests/abc449/tasks/abc449_b","","","","",""
"AtCoder/ABC449/C - Comfortable Distance .cpp","C - Comfortable Distance ","AtCoder","https://atcoder.jp/contests/abc449/tasks/abc449_c","","","","",""
"AtCoder/ABC449/D - Make Target 2 .cpp","D - Make Target 2 ","AtCoder","https://atcoder.jp/contests/abc449/tasks/abc449_d","","","","",""
"AtCoder/ABC449/E - A += v .cpp","E - A += v ","AtCoder","https://atcoder.jp/contests/abc449/tasks/abc449_e","","","","",""
"AtCoder/ABC452/D - No-Subsequence Substring .cpp","D - No-Subsequence Substring ","AtCoder","https://atcoder.jp/contests/abc452/tasks/abc452_d","","","","",""
"AtCoder/ABC454/A.cpp","A","AtCoder","https://atcoder.jp/contests/abc454/tasks/abc454_a","","","","",""
"AtCoder/ABC454/B.cpp","B","AtCoder","https://atcoder.jp/contests/abc454/tasks/abc454_b","","","","",""
"AtCoder/ABC455/C - Vanish.cpp","C - Vanish","AtCoder","https://atcoder.jp/contests/abc455/tasks/abc455_c","","","","",""
"AtCoder/ABC455/D - Card Pile Query .cpp","D - Card Pile Query ","AtCoder","https://atcoder.jp/contests/abc455/tasks/abc455_d","","","","",""
"AtCoder/ABC455/E - Unbalanced ABC Substrings .cpp","E - Unbalanced ABC Substrings ","AtCoder","https://atcoder.jp/contests/abc455/tasks/abc455_e","","","","",""
"AtCoder/ABC456/C - Not Adjacent.cpp","C - Not Adjacent","AtCoder","https://atcoder.jp/contests/abc456/tasks/abc456_c","","","","",""
"AtCoder/ABC456/D - Not Adjacent 2.cpp","D - Not Adjacent 2","AtCoder","https://atcoder.jp/contests/abc456/tasks/abc456_d","","","","",""
"AtCoder/ABC456/E - Endless Holidays.cpp","E - Endless Holidays","AtCoder","https://atcoder.jp/contests/abc456/tasks/abc456_e","","","","",""
"AtCoder/ABC457/C - Long Sequence.cpp","C - Long Sequence","AtCoder","https://atcoder.jp/contests/abc457/tasks/abc457_c","","","","",""
"AtCoder/ABC457/D - Raise Minimum.cpp","D - Raise Minimum","AtCoder","https://atcoder.jp/contests/abc457/tasks/abc457_d","","","","",""
"AtCoder/ABC457/E - Crossing Table Cloth.cpp","E - Crossing Table Cloth","AtCoder","https://atcoder.jp/contests/abc457/tasks/abc457_e","","","","",""
"AtCoder/ABC457/F - Second Gap.cpp","F - Second Gap","AtCoder","https://atcoder.jp/contests/abc457/tasks/abc457_f","","","","",""
"A训练/a.cpp","a","A训练","","","","","",""
"A训练/b.cpp","b","A训练","","","","","",""
"A训练/c.cpp","c","A训练","","","","","",""
"A训练/d.cpp","d","A训练","","","","","",""
"A训练/e.cpp","e","A训练","","","","","",""
"A训练/板子.cpp","板子","A训练","","","","","",""
"A训练/哈希.cpp","哈希","A训练","","","","","",""
"A训练/字典树.cpp","字典树","A训练","","","","","",""
"A组队赛/4.13第一场/A.cpp","A","A组队赛","","","","","",""
"A组队赛/4.13第一场/B.cpp","B","A组队赛","","","","","",""
"A组队赛/4.13第一场/C.cpp","C","A组队赛","","","","","",""
"A组队赛/4.13第一场/E.cpp","E","A组队赛","","","","","",""
"A组队赛/4.13第一场/G.cpp","G","A组队赛","","","","","",""
"A组队赛/4.13第一场/J.cpp","J","A组队赛","","","","","",""
"A组队赛/4.13第一场/K.cpp","K","A组队赛","","","","","",""
"A组队赛/4.15第二场/D- Journey to Un’Goro.cpp","D- Journey to Un’Goro","A组队赛","","","","","",""
"A组队赛/4.15第二场/H-The Boomsday Project.cpp","H-The Boomsday Project","A组队赛","","","","","",""
"A组队赛/4.15第二场/I- Rise of Shadows.cpp","I- Rise of Shadows","A组队赛","","","","","",""
"A组队赛/4.15第二场/K-Scholomance Academy.cpp","K-Scholomance Academy","A组队赛","","","","","",""
"A组队赛/4.15第二场/Problem F. Kobolds and Catacombs.cpp","Problem F. Kobolds and Catacombs","A组队赛","","","","","",""
"A组队赛/4.15第二场/Problem G. The Witchwood.cpp","Problem G. The Witchwood","A组队赛","","","","","",""
"A组队赛/4.20第三场/A. Modulo Ruins the Legend.cpp","A. Modulo Ruins the Legend","A组队赛","","","","","",""
"A组队赛/4.20第三场/C. No Bug No Game.cpp","C. No Bug No Game","A组队赛","","","","","",""
"A组队赛/4.20第三场/D. Money Game.cpp","D. Money Game","A组队赛","","","","","",""
"A组队赛/4.20第三场/F. Da Mi Lao Shi Ai Kan De.cpp","F. Da Mi Lao Shi Ai Kan De","A组队赛","","","","","",""
"A组队赛/4.20第三场/K. Master of Both.cpp","K. Master of Both","A组队赛","","","","","",""
"A组队赛/4.22第四场/A. Cat.cpp","A. Cat","A组队赛","","","","","",""
"A组队赛/4.22第四场/C.3 numbers.cpp","C.3 numbers","A组队赛","","","","","",""
"A组队赛/4.22第四场/E. Multiply.cpp","E. Multiply","A组队赛","","","","","",""
"A组队赛/4.22第四场/F. The Answer to the Ultimate Question of Life, The Universe, and Everything..cpp","F. The Answer to the Ultimate Question of Life, The Universe, and Everything.","A组队赛","","","","","",""
"A组队赛/4.22第四场/M. Kill the tree.cpp","M. Kill the tree","A组队赛","","","","","",""
"CodeForces/106570/D. 那一天的回文字符串.cpp","D. 那一天的回文字符串","CodeForces","https://codeforces.com/gym/106570/problem/D","","","","",""
"CodeForces/1703/G. Good Key, Bad Key.cpp","G. Good Key, Bad Key","CodeForces","https://codeforces.com/contest/1703/problem/G","","","","",""
"CodeForces/1833/D.cpp","D","CodeForces","https://codeforces.com/contest/1833/problem/D","","","","",""
"CodeForces/1846/A.cpp","A","CodeForces","https://codeforces.com/contest/1846/problem/A","","","","",""
"CodeForces/1846/B.cpp","B","CodeForces","https://codeforces.com/contest/1846/problem/B","","","","",""
"CodeForces/1846/C.cpp","C","CodeForces","https://codeforces.com/contest/1846/problem/C","","","","",""
"CodeForces/1846/D.cpp","D","CodeForces","https://codeforces.com/contest/1846/problem/D","","","","",""
"CodeForces/1846/E.cpp","E","CodeForces","https://codeforces.com/contest/1846/problem/E","","","","",""
"CodeForces/1846/G.cpp","G","CodeForces","https://codeforces.com/contest/1846/problem/G","","","","",""
"CodeForces/1935/A.cpp","A","CodeForces","https://codeforces.com/contest/1935/problem/A","","","","",""
"CodeForces/1935/B.cpp","B","CodeForces","https://codeforces.com/contest/1935/problem/B","","","","",""
"CodeForces/1935/C.cpp","C","CodeForces","https://codeforces.com/contest/1935/problem/C","","","","",""
"CodeForces/1935/D.cpp","D","CodeForces","https://codeforces.com/contest/1935/problem/D","","","","",""
"CodeForces/1966/A. Card Exchange.cpp","A. Card Exchange","CodeForces","https://codeforces.com/contest/1966/problem/A","","","","",""
"CodeForces/1966/B. Rectangle Filling.cpp","B. Rectangle Filling","CodeForces","https://codeforces.com/contest/1966/problem/B","","","","",""
"CodeForces/1966/C. Everything Nim.cpp","C. Everything Nim","CodeForces","https://codeforces.com/contest/1966/problem/C","","","","",""
"CodeForces/1972/A. Contest Proposal.cpp","A. Contest Proposal","CodeForces","https://codeforces.com/contest/1972/problem/A","","","","",""
"CodeForces/1972/B. Coin Games.cpp","B. Coin Games","CodeForces","https://codeforces.com/contest/1972/problem/B","","","","",""
"CodeForces/1972/C. Permutation Counting.cpp","C. Permutation Counting","CodeForces","https://codeforces.com/contest/1972/problem/C","","","","",""
"CodeForces/1972/D1. Reverse Card (Easy Version).cpp","D1. Reverse Card (Easy Version)","CodeForces","https://codeforces.com/contest/1972/problem/D1","","","","",""
"CodeForces/1977/A. Little Nikita.cpp","A. Little Nikita","CodeForces","https://codeforces.com/contest/1977/problem/A","","","","",""
"CodeForces/1977/B. Binary Colouring.cpp","B. Binary Colouring","CodeForces","https://codeforces.com/contest/1977/problem/B","","","","",""
"CodeForces/1977/C. Nikita and LCM.cpp","C. Nikita and LCM","CodeForces","https://codeforces.com/contest/1977/problem/C","","","","",""
"CodeForces/1977/D. XORificator.cpp","D. XORificator","CodeForces","https://codeforces.com/contest/1977/problem/D","","","","",""
"CodeForces/1981/A.cpp","A","CodeForces","https://codeforces.com/contest/1981/problem/A","","","","",""
"CodeForces/1981/B.cpp","B","CodeForces","https://codeforces.com/contest/1981/problem/B","","","","",""
"CodeForces/1981/C.cpp","C","CodeForces","https://codeforces.com/contest/1981/problem/C","","","","",""
"CodeForces/1982/A. Soccer.cpp","A. Soccer","CodeForces","https://codeforces.com/contest/1982/problem/A","","","","",""
"CodeForces/1982/B. Collatz Conjecture.cpp","B. Collatz Conjecture","CodeForces","https://codeforces.com/contest/1982/problem/B","","","","",""
"CodeForces/1982/C. Boring Day.cpp","C. Boring Day","CodeForces","https://codeforces.com/contest/1982/problem/C","","","","",""
"CodeForces/1982/D. Beauty of the mountains  .cpp","D. Beauty of the mountains  ","CodeForces","https://codeforces.com/contest/1982/problem/D","","","","",""
"CodeForces/1983/B.cpp","B","CodeForces","https://codeforces.com/contest/1983/problem/B","","","","",""
"CodeForces/1983/C.cpp","C","CodeForces","https://codeforces.com/contest/1983/problem/C","","","","",""
"CodeForces/1983/D.cpp","D","CodeForces","https://codeforces.com/contest/1983/problem/D","","","","",""
"CodeForces/1983/E. I Love Balls.cpp","E. I Love Balls","CodeForces","https://codeforces.com/contest/1983/problem/E","","","","",""
"CodeForces/2005/A.cpp","A","CodeForces","https://codeforces.com/contest/2005/problem/A","","","","",""
"CodeForces/2005/B.cpp","B","CodeForces","https://codeforces.com/contest/2005/problem/B","","","","",""
"CodeForces/2005/C.cpp","C","CodeForces","https://codeforces.com/contest/2005/problem/C","","","","",""
"CodeForces/2005/E1.cpp","E1","CodeForces","https://codeforces.com/contest/2005/problem/E1","","","","",""
"CodeForces/2008/G. Sakurako's Task.cpp","G. Sakurako's Task","CodeForces","https://codeforces.com/contest/2008/problem/G","","","","",""
"CodeForces/2008/H. Sakurako's Test.cpp","H. Sakurako's Test","CodeForces","https://codeforces.com/contest/2008/problem/H","","","","",""
"CodeForces/2061/A. Kevin and Arithmetic.cpp","A. Kevin and Arithmetic","CodeForces","https://codeforces.com/contest/2061/problem/A","","","","",""
"CodeForces/2061/B. Kevin and Geometry.cpp","B. Kevin and Geometry","CodeForces","https://codeforces.com/contest/2061/problem/B","","","","",""
"CodeForces/2061/C. Kevin and Puzzle.cpp","C. Kevin and Puzzle","CodeForces","https://codeforces.com/contest/2061/problem/C","","","","",""
"CodeForces/2061/D. Kevin and Numbers.cpp","D. Kevin and Numbers","CodeForces","https://codeforces.com/contest/2061/problem/D","","","","",""
"CodeForces/2108/C. Neo's Escape.cpp","C. Neo's Escape","CodeForces","https://codeforces.com/contest/2108/problem/C","","","","",""
"CodeForces/2113/A.cpp","A","CodeForces","https://codeforces.com/contest/2113/problem/A","","","","",""
"CodeForces/2125/D Segments Covering.cpp","D Segments Covering","CodeForces","https://codeforces.com/contest/2125/problem/D","","","","",""
"CodeForces/2130/C.cpp","C","CodeForces","https://codeforces.com/contest/2130/problem/C","","","","",""
"CodeForces/2130/D. Stay or Mirror.cpp","D. Stay or Mirror","CodeForces","https://codeforces.com/contest/2130/problem/D","","","","",""
"CodeForces/2130/E1. Interactive RBS (Easy Version).cpp","E1. Interactive RBS (Easy Version)","CodeForces","https://codeforces.com/contest/2130/problem/E1","","","","",""
"CodeForces/2132/D. From 1 to Infinity.cpp","D. From 1 to Infinity","CodeForces","https://codeforces.com/contest/2132/problem/D","","","","",""
"CodeForces/2133/C(交互).cpp","C(交互)","CodeForces","https://codeforces.com/contest/2133/problem/C","","","","",""
"CodeForces/2133/D Chicken Jockey(dp).cpp","D Chicken Jockey(dp)","CodeForces","https://codeforces.com/contest/2133/problem/D","","","","",""
"CodeForces/2140/C(单指针成双).cpp","C(单指针成双)","CodeForces","https://codeforces.com/contest/2140/problem/C","","","","",""
"CodeForces/2140/D. A Cruel Segment's Thesis.cpp","D. A Cruel Segment's Thesis","CodeForces","https://codeforces.com/contest/2140/problem/D","","","","",""
"CodeForces/2143/C(树-拓扑排序).cpp","C(树-拓扑排序)","CodeForces","https://codeforces.com/contest/2143/problem/C","","","","",""
"CodeForces/2143/D-dp.cpp","D-dp","CodeForces","https://codeforces.com/contest/2143/problem/D","","","","",""
"CodeForces/2146/D1-位运算.cpp","D1-位运算","CodeForces","https://codeforces.com/contest/2146/problem/D1","","","","",""
"CodeForces/2156/D-交互.cpp","D-交互","CodeForces","https://codeforces.com/contest/2156/problem/D","","","","",""
"CodeForces/2157/B. Expansion Plan 2.cpp","B. Expansion Plan 2","CodeForces","https://codeforces.com/contest/2157/problem/B","","","","",""
"CodeForces/2157/C. Meximum Array 2.cpp","C. Meximum Array 2","CodeForces","https://codeforces.com/contest/2157/problem/C","","","","",""
"CodeForces/2157/D. Billion Players Game.cpp","D. Billion Players Game","CodeForces","https://codeforces.com/contest/2157/problem/D","","","","",""
"CodeForces/2157/E. Adjusting Drones.cpp","E. Adjusting Drones","CodeForces","https://codeforces.com/contest/2157/problem/E","","","","",""
"CodeForces/2158/C. Annoying Game.cpp","C. Annoying Game","CodeForces","https://codeforces.com/contest/2158/problem/C","","","","",""
"CodeForces/2158/D. Palindrome Flipping.cpp","D. Palindrome Flipping","CodeForces","https://codeforces.com/contest/2158/problem/D","","","","",""
"CodeForces/2160/D-交互.cpp","D-交互","CodeForces","https://codeforces.com/contest/2160/problem/D","","","","",""
"CodeForces/2162/D-交互.cpp","D-交互","CodeForces","https://codeforces.com/contest/2162/problem/D","","","","",""
"CodeForces/2162/F-dfs-LCA.cpp","F-dfs-LCA","CodeForces","https://codeforces.com/contest/2162/problem/F","","","","",""
"CodeForces/2162/G-dp.cpp","G-dp","CodeForces","https://codeforces.com/contest/2162/problem/G","","","","",""
"CodeForces/2163/B. Siga ta Kymata.cpp","B. Siga ta Kymata","CodeForces","https://codeforces.com/contest/2163/problem/B","","","","",""
"CodeForces/2163/C. Monopati.cpp","C. Monopati","CodeForces","https://codeforces.com/contest/2163/problem/C","","","","",""
"CodeForces/2163/D1. Diadrash (Easy Version).cpp","D1. Diadrash (Easy Version)","CodeForces","https://codeforces.com/contest/2163/problem/D1","","","","",""
"CodeForces/2164/C. Dungeon(二分).cpp","C. Dungeon(二分)","CodeForces","https://codeforces.com/contest/2164/problem/C","","","","",""
"CodeForces/2166/C. Cyclic Merging.cpp","C. Cyclic Merging","CodeForces","https://codeforces.com/contest/2166/problem/C","","","","",""
"CodeForces/2166/D. Marble Council(dp计数).cpp","D. Marble Council(dp计数)","CodeForces","https://codeforces.com/contest/2166/problem/D","","","","",""
"CodeForces/2169/C. Range Operation.cpp","C. Range Operation","CodeForces","https://codeforces.com/contest/2169/problem/C","","","","",""
"CodeForces/2169/D1. Removal of a Sequence .cpp","D1. Removal of a Sequence ","CodeForces","https://codeforces.com/contest/2169/problem/D1","","","","",""
"CodeForces/2169/D2. Removal of a Sequence (Hard Version).cpp","D2. Removal of a Sequence (Hard Version)","CodeForces","https://codeforces.com/contest/2169/problem/D2","","","","",""
"CodeForces/2170/B.cpp","B","CodeForces","https://codeforces.com/contest/2170/problem/B","","","","",""
"CodeForces/2170/C.cpp","C","CodeForces","https://codeforces.com/contest/2170/problem/C","","","","",""
"CodeForces/2170/D(树上dp).cpp","D(树上dp)","CodeForces","https://codeforces.com/contest/2170/problem/D","","","","",""
"CodeForces/2170/E.cpp","E","CodeForces","https://codeforces.com/contest/2170/problem/E","","","","",""
"CodeForces/2171/C2.cpp","C2","CodeForces","https://codeforces.com/contest/2171/problem/C2","","","","",""
"CodeForces/2171/D.cpp","D","CodeForces","https://codeforces.com/contest/2171/problem/D","","","","",""
"CodeForces/2171/F. Rae Taylor and Trees (hard version).cpp","F. Rae Taylor and Trees (hard version)","CodeForces","https://codeforces.com/contest/2171/problem/F","","","","",""
"CodeForces/2171/G (组合数+贪心).cpp","G (组合数+贪心)","CodeForces","https://codeforces.com/contest/2171/problem/G","","","","",""
"CodeForces/2173/B.cpp","B","CodeForces","https://codeforces.com/contest/2173/problem/B","","","","",""
"CodeForces/2173/C.cpp","C","CodeForces","https://codeforces.com/contest/2173/problem/C","","","","",""
"CodeForces/2173/D. Taiga's Carry Chains.cpp","D. Taiga's Carry Chains","CodeForces","https://codeforces.com/contest/2173/problem/D","","","","",""
"CodeForces/2173/E. Shiro's Mirror Duel.cpp","E. Shiro's Mirror Duel","CodeForces","https://codeforces.com/contest/2173/problem/E","","","","",""
"CodeForces/2173/F. Isla's Memory Thresholds.cpp","F. Isla's Memory Thresholds","CodeForces","https://codeforces.com/contest/2173/problem/F","","","","",""
"CodeForces/2175/B(前缀异或和).cpp","B(前缀异或和)","CodeForces","https://codeforces.com/contest/2175/problem/B","","","","",""
"CodeForces/2175/C.cpp","C","CodeForces","https://codeforces.com/contest/2175/problem/C","","","","",""
"CodeForces/2175/D(dp).cpp","D(dp)","CodeForces","https://codeforces.com/contest/2175/problem/D","","","","",""
"CodeForces/2176/B.cpp","B","CodeForces","https://codeforces.com/contest/2176/problem/B","","","","",""
"CodeForces/2176/C.cpp","C","CodeForces","https://codeforces.com/contest/2176/problem/C","","","","",""
"CodeForces/2176/D.cpp","D","CodeForces","https://codeforces.com/contest/2176/problem/D","","","","",""
"CodeForces/2179/a.cpp","a","CodeForces","https://codeforces.com/contest/2179/problem/a","","","","",""
"CodeForces/2179/b.cpp","b","CodeForces","https://codeforces.com/contest/2179/problem/b","","","","",""
"CodeForces/2179/c.cpp","c","CodeForces","https://codeforces.com/contest/2179/problem/c","","","","",""
"CodeForces/2179/d.cpp","d","CodeForces","https://codeforces.com/contest/2179/problem/d","","","","",""
"CodeForces/2179/e.cpp","e","CodeForces","https://codeforces.com/contest/2179/problem/e","","","","",""
"CodeForces/2179/f.cpp","f","CodeForces","https://codeforces.com/contest/2179/problem/f","","","","",""
"CodeForces/2180/a.cpp","a","CodeForces","https://codeforces.com/contest/2180/problem/a","","","","",""
"CodeForces/2180/b.cpp","b","CodeForces","https://codeforces.com/contest/2180/problem/b","","","","",""
"CodeForces/2180/C. XOR-factorization.cpp","C. XOR-factorization","CodeForces","https://codeforces.com/contest/2180/problem/C","","","","",""
"CodeForces/2180/d.cpp","d","CodeForces","https://codeforces.com/contest/2180/problem/d","","","","",""
"CodeForces/2180/E. No Effect XOR.cpp","E. No Effect XOR","CodeForces","https://codeforces.com/contest/2180/problem/E","","","","",""
"CodeForces/2182/a.cpp","a","CodeForces","https://codeforces.com/contest/2182/problem/a","","","","",""
"CodeForces/2182/b.cpp","b","CodeForces","https://codeforces.com/contest/2182/problem/b","","","","",""
"CodeForces/2182/c.cpp","c","CodeForces","https://codeforces.com/contest/2182/problem/c","","","","",""
"CodeForces/2182/d.cpp","d","CodeForces","https://codeforces.com/contest/2182/problem/d","","","","",""
"CodeForces/2182/e.cpp","e","CodeForces","https://codeforces.com/contest/2182/problem/e","","","","",""
"CodeForces/2183/a.cpp","a","CodeForces","https://codeforces.com/contest/2183/problem/a","","","","",""
"CodeForces/2183/b.cpp","b","CodeForces","https://codeforces.com/contest/2183/problem/b","","","","",""
"CodeForces/2183/c.cpp","c","CodeForces","https://codeforces.com/contest/2183/problem/c","","","","",""
"CodeForces/2183/d1.cpp","d1","CodeForces","https://codeforces.com/contest/2183/problem/d1","","","","",""
"CodeForces/2184/b.cpp","b","CodeForces","https://codeforces.com/contest/2184/problem/b","","","","",""
"CodeForces/2184/c.cpp","c","CodeForces","https://codeforces.com/contest/2184/problem/c","","","","",""
"CodeForces/2184/d(组合数+2进制模拟).cpp","d(组合数+2进制模拟)","CodeForces","https://codeforces.com/contest/2184/problem/d","","","","",""
"CodeForces/2184/e(并查集+逆向思维).cpp","e(并查集+逆向思维)","CodeForces","https://codeforces.com/contest/2184/problem/e","","","","",""
"CodeForces/2184/e(方法2-单调栈).cpp","e(方法2-单调栈)","CodeForces","https://codeforces.com/contest/2184/problem/e","","","","",""
"CodeForces/2184/f(树上DP).cpp","f(树上DP)","CodeForces","https://codeforces.com/contest/2184/problem/f","","","","",""
"CodeForces/2184/g(ds-线段树).cpp","g(ds-线段树)","CodeForces","https://codeforces.com/contest/2184/problem/g","","","","",""
"CodeForces/2185/A.cpp","A","CodeForces","https://codeforces.com/contest/2185/problem/A","","","","",""
"CodeForces/2185/B.cpp","B","CodeForces","https://codeforces.com/contest/2185/problem/B","","","","",""
"CodeForces/2185/C.cpp","C","CodeForces","https://codeforces.com/contest/2185/problem/C","","","","",""
"CodeForces/2185/D.cpp","D","CodeForces","https://codeforces.com/contest/2185/problem/D","","","","",""
"CodeForces/2185/E. The Robotic Rush.cpp","E. The Robotic Rush","CodeForces","https://codeforces.com/contest/2185/problem/E","","","","",""
"CodeForces/2185/F. BattleCows.cpp","F. BattleCows","CodeForces","https://codeforces.com/contest/2185/problem/F","","","","",""
"CodeForces/2185/G. Mixing MEXes.cpp","G. Mixing MEXes","CodeForces","https://codeforces.com/contest/2185/problem/G","","","","",""
"CodeForces/2188/A.cpp","A","CodeForces","https://codeforces.com/contest/2188/problem/A","","","","",""
"CodeForces/2188/B.cpp","B","CodeForces","https://codeforces.com/contest/2188/problem/B","","","","",""
"CodeForces/2188/C.cpp","C","CodeForces","https://codeforces.com/contest/2188/problem/C","","","","",""
"CodeForces/2188/D.cpp","D","CodeForces","https://codeforces.com/contest/2188/problem/D","","","","",""
"CodeForces/2189/A.cpp","A","CodeForces","https://codeforces.com/contest/2189/problem/A","","","","",""
"CodeForces/2189/B.cpp","B","CodeForces","https://codeforces.com/contest/2189/problem/B","","","","",""
"CodeForces/2189/C1.cpp","C1","CodeForces","https://codeforces.com/contest/2189/problem/C1","","","","",""
"CodeForces/2189/C2.cpp","C2","CodeForces","https://codeforces.com/contest/2189/problem/C2","","","","",""
"CodeForces/2189/D1.cpp","D1","CodeForces","https://codeforces.com/contest/2189/problem/D1","","","","",""
"CodeForces/2191/A.cpp","A","CodeForces","https://codeforces.com/contest/2191/problem/A","","","","",""
"CodeForces/2191/B.cpp","B","CodeForces","https://codeforces.com/contest/2191/problem/B","","","","",""
"CodeForces/2191/C.cpp","C","CodeForces","https://codeforces.com/contest/2191/problem/C","","","","",""
"CodeForces/2191/D1.cpp","D1","CodeForces","https://codeforces.com/contest/2191/problem/D1","","","","",""
"CodeForces/2192/A.cpp","A","CodeForces","https://codeforces.com/contest/2192/problem/A","","","","",""
"CodeForces/2192/B. Flipping Binary String.cpp","B. Flipping Binary String","CodeForces","https://codeforces.com/contest/2192/problem/B","","","","",""
"CodeForces/2192/C. All-in-one Gun.cpp","C. All-in-one Gun","CodeForces","https://codeforces.com/contest/2192/problem/C","","","","",""
"CodeForces/2192/D. Cost of Tree.cpp","D. Cost of Tree","CodeForces","https://codeforces.com/contest/2192/problem/D","","","","",""
"CodeForces/2193/A.cpp","A","CodeForces","https://codeforces.com/contest/2193/problem/A","","","","",""
"CodeForces/2193/B.cpp","B","CodeForces","https://codeforces.com/contest/2193/problem/B","","","","",""
"CodeForces/2193/C.cpp","C","CodeForces","https://codeforces.com/contest/2193/problem/C","","","","",""
"CodeForces/2193/D.cpp","D","CodeForces","https://codeforces.com/contest/2193/problem/D","","","","",""
"CodeForces/2193/E.cpp","E","CodeForces","https://codeforces.com/contest/2193/problem/E","","","","",""
"CodeForces/2193/F.cpp","F","CodeForces","https://codeforces.com/contest/2193/problem/F","","","","",""
"CodeForces/2193/G(交互).cpp","G(交互)","CodeForces","https://codeforces.com/contest/2193/problem/G","","","","",""
"CodeForces/2193/H.cpp","H","CodeForces","https://codeforces.com/contest/2193/problem/H","","","","",""
"CodeForces/2194/A. Lawn Mower.cpp","A. Lawn Mower","CodeForces","https://codeforces.com/contest/2194/problem/A","","","","",""
"CodeForces/2194/B. Offshores.cpp","B. Offshores","CodeForces","https://codeforces.com/contest/2194/problem/B","","","","",""
"CodeForces/2194/C. Secret message.cpp","C. Secret message","CodeForces","https://codeforces.com/contest/2194/problem/C","","","","",""
"CodeForces/2194/D. Table Cut.cpp","D. Table Cut","CodeForces","https://codeforces.com/contest/2194/problem/D","","","","",""
"CodeForces/2195/A. Sieve of Erato67henes.cpp","A. Sieve of Erato67henes","CodeForces","https://codeforces.com/contest/2195/problem/A","","","","",""
"CodeForces/2195/B. Heapify 1.cpp","B. Heapify 1","CodeForces","https://codeforces.com/contest/2195/problem/B","","","","",""
"CodeForces/2195/C. Dice Roll Sequence.cpp","C. Dice Roll Sequence","CodeForces","https://codeforces.com/contest/2195/problem/C","","","","",""
"CodeForces/2195/D. Absolute Cinema.cpp","D. Absolute Cinema","CodeForces","https://codeforces.com/contest/2195/problem/D","","","","",""
"CodeForces/2195/E. Idiot First Search.cpp","E. Idiot First Search","CodeForces","https://codeforces.com/contest/2195/problem/E","","","","",""
"CodeForces/2195/F. Parabola Independence.cpp","F. Parabola Independence","CodeForces","https://codeforces.com/contest/2195/problem/F","","","","",""
"CodeForces/2197/A. Friendly Numbers.cpp","A. Friendly Numbers","CodeForces","https://codeforces.com/contest/2197/problem/A","","","","",""
"CodeForces/2197/B. Array and Permutation.cpp","B. Array and Permutation","CodeForces","https://codeforces.com/contest/2197/problem/B","","","","",""
"CodeForces/2197/C. Game with a Fraction.cpp","C. Game with a Fraction","CodeForces","https://codeforces.com/contest/2197/problem/C","","","","",""
"CodeForces/2197/D. Another Problem about Beautiful Pairs.cpp","D. Another Problem about Beautiful Pairs","CodeForces","https://codeforces.com/contest/2197/problem/D","","","","",""
"CodeForces/2197/E1. Interactive Graph (Simple Version).cpp","E1. Interactive Graph (Simple Version)","CodeForces","https://codeforces.com/contest/2197/problem/E1","","","","",""
"CodeForces/2197/E2. Interactive Graph (Hard Version).cpp","E2. Interactive Graph (Hard Version)","CodeForces","https://codeforces.com/contest/2197/problem/E2","","","","",""
"CodeForces/2200/A. Eating Game.cpp","A. Eating Game","CodeForces","https://codeforces.com/contest/2200/problem/A","","","","",""
"CodeForces/2200/B. Deletion Sort.cpp","B. Deletion Sort","CodeForces","https://codeforces.com/contest/2200/problem/B","","","","",""
"CodeForces/2200/C. Specialty String.cpp","C. Specialty String","CodeForces","https://codeforces.com/contest/2200/problem/C","","","","",""
"CodeForces/2200/D. Portal.cpp","D. Portal","CodeForces","https://codeforces.com/contest/2200/problem/D","","","","",""
"CodeForces/2200/E. Divisive Battle.cpp","E. Divisive Battle","CodeForces","https://codeforces.com/contest/2200/problem/E","","","","",""
"CodeForces/2200/F. Mooclear Reactor 2.cpp","F. Mooclear Reactor 2","CodeForces","https://codeforces.com/contest/2200/problem/F","","","","",""
"CodeForces/2202/A. Parkour Design.cpp","A. Parkour Design","CodeForces","https://codeforces.com/contest/2202/problem/A","","","","",""
"CodeForces/2202/B. ABAB Construction.cpp","B. ABAB Construction","CodeForces","https://codeforces.com/contest/2202/problem/B","","","","",""
"CodeForces/2202/C1. Lost Civilization (Easy Version).cpp","C1. Lost Civilization (Easy Version)","CodeForces","https://codeforces.com/contest/2202/problem/C1","","","","",""
"CodeForces/2202/C2. Lost Civilization (Hard Version).cpp","C2. Lost Civilization (Hard Version)","CodeForces","https://codeforces.com/contest/2202/problem/C2","","","","",""
"CodeForces/2202/D. Recollect Numbers.cpp","D. Recollect Numbers","CodeForces","https://codeforces.com/contest/2202/problem/D","","","","",""
"CodeForces/2204/A. Passing the Ball.cpp","A. Passing the Ball","CodeForces","https://codeforces.com/contest/2204/problem/A","","","","",""
"CodeForces/2204/B. Right Maximum.cpp","B. Right Maximum","CodeForces","https://codeforces.com/contest/2204/problem/B","","","","",""
"CodeForces/2204/C. Spring.cpp","C. Spring","CodeForces","https://codeforces.com/contest/2204/problem/C","","","","",""
"CodeForces/2204/D. Alternating Path.cpp","D. Alternating Path","CodeForces","https://codeforces.com/contest/2204/problem/D","","","","",""
"CodeForces/2204/E. Sum of Digits (and Again).cpp","E. Sum of Digits (and Again)","CodeForces","https://codeforces.com/contest/2204/problem/E","","","","",""
"CodeForces/2205/A. Simons and Making It Beautiful.cpp","A. Simons and Making It Beautiful","CodeForces","https://codeforces.com/contest/2205/problem/A","","","","",""
"CodeForces/2205/B. Simons and Cakes for Success.cpp","B. Simons and Cakes for Success","CodeForces","https://codeforces.com/contest/2205/problem/B","","","","",""
"CodeForces/2205/C. Simons and Posting Blogs.cpp","C. Simons and Posting Blogs","CodeForces","https://codeforces.com/contest/2205/problem/C","","","","",""
"CodeForces/2205/D. Simons and Beating Peaks.cpp","D. Simons and Beating Peaks","CodeForces","https://codeforces.com/contest/2205/problem/D","","","","",""
"CodeForces/2207/A. 1-1.cpp","A. 1-1","CodeForces","https://codeforces.com/contest/2207/problem/A","","","","",""
"CodeForces/2207/B. One Night At Freddy's.cpp","B. One Night At Freddy's","CodeForces","https://codeforces.com/contest/2207/problem/B","","","","",""
"CodeForces/2208/A. Bingo Candies.cpp","A. Bingo Candies","CodeForces","https://codeforces.com/contest/2208/problem/A","","","","",""
"CodeForces/2208/B. Cyclists.cpp","B. Cyclists","CodeForces","https://codeforces.com/contest/2208/problem/B","","","","",""
"CodeForces/2208/C. Stamina and Tasks.cpp","C. Stamina and Tasks","CodeForces","https://codeforces.com/contest/2208/problem/C","","","","",""
"CodeForces/2208/D1. Tree Orientation (Easy Version).cpp","D1. Tree Orientation (Easy Version)","CodeForces","https://codeforces.com/contest/2208/problem/D1","","","","",""
"CodeForces/2208/D2. Tree Orientation (Hard Version).cpp","D2. Tree Orientation (Hard Version)","CodeForces","https://codeforces.com/contest/2208/problem/D2","","","","",""
"CodeForces/2209/A.cpp","A","CodeForces","https://codeforces.com/contest/2209/problem/A","","","","",""
"CodeForces/2209/B. Array.cpp","B. Array","CodeForces","https://codeforces.com/contest/2209/problem/B","","","","",""
"CodeForces/2209/C. Find the Zero.cpp","C. Find the Zero","CodeForces","https://codeforces.com/contest/2209/problem/C","","","","",""
"CodeForces/2210/A.cpp","A","CodeForces","https://codeforces.com/contest/2210/problem/A","","","","",""
"CodeForces/2210/B. Simply Sitting on Chairs.cpp","B. Simply Sitting on Chairs","CodeForces","https://codeforces.com/contest/2210/problem/B","","","","",""
"CodeForces/2210/C1. A Simple GCD Problem (Easy Version).cpp","C1. A Simple GCD Problem (Easy Version)","CodeForces","https://codeforces.com/contest/2210/problem/C1","","","","",""
"CodeForces/2210/C2. A Simple GCD Problem (Hard Version).cpp","C2. A Simple GCD Problem (Hard Version)","CodeForces","https://codeforces.com/contest/2210/problem/C2","","","","",""
"CodeForces/2211/A.cpp","A","CodeForces","https://codeforces.com/contest/2211/problem/A","","","","",""
"CodeForces/2211/B. Mickey Mouse Constructive.cpp","B. Mickey Mouse Constructive","CodeForces","https://codeforces.com/contest/2211/problem/B","","","","",""
"CodeForces/2211/C1. Equal Multisets (Easy Version).cpp","C1. Equal Multisets (Easy Version)","CodeForces","https://codeforces.com/contest/2211/problem/C1","","","","",""
"CodeForces/2217/A.cpp","A","CodeForces","https://codeforces.com/contest/2217/problem/A","","","","",""
"CodeForces/2217/B. Flip the Bit (Easy Version).cpp","B. Flip the Bit (Easy Version)","CodeForces","https://codeforces.com/contest/2217/problem/B","","","","",""
"CodeForces/2217/C. Grid Covering.cpp","C. Grid Covering","CodeForces","https://codeforces.com/contest/2217/problem/C","","","","",""
"CodeForces/2218/A.cpp","A","CodeForces","https://codeforces.com/contest/2218/problem/A","","","","",""
"CodeForces/2218/B.cpp","B","CodeForces","https://codeforces.com/contest/2218/problem/B","","","","",""
"CodeForces/2218/C.cpp","C","CodeForces","https://codeforces.com/contest/2218/problem/C","","","","",""
"CodeForces/2218/D.cpp","D","CodeForces","https://codeforces.com/contest/2218/problem/D","","","","",""
"CodeForces/2218/E. The 67th XOR Problem.cpp","E. The 67th XOR Problem","CodeForces","https://codeforces.com/contest/2218/problem/E","","","","",""
"CodeForces/2218/F. The 67th Tree Problem .cpp","F. The 67th Tree Problem ","CodeForces","https://codeforces.com/contest/2218/problem/F","","","","",""
"CodeForces/2218/G.cpp","G","CodeForces","https://codeforces.com/contest/2218/problem/G","","","","",""
"CodeForces/2220/A. Blocked.cpp","A. Blocked","CodeForces","https://codeforces.com/contest/2220/problem/A","","","","",""
"CodeForces/2220/B. OIE Excursion.cpp","B. OIE Excursion","CodeForces","https://codeforces.com/contest/2220/problem/B","","","","",""
"CodeForces/2220/C. Grid L.cpp","C. Grid L","CodeForces","https://codeforces.com/contest/2220/problem/C","","","","",""
"CodeForces/2222/A. A Wonderful Contest.cpp","A. A Wonderful Contest","CodeForces","https://codeforces.com/contest/2222/problem/A","","","","",""
"CodeForces/2222/B. Artistic Balance Tree.cpp","B. Artistic Balance Tree","CodeForces","https://codeforces.com/contest/2222/problem/B","","","","",""
"CodeForces/2222/C. Median Partition.cpp","C. Median Partition","CodeForces","https://codeforces.com/contest/2222/problem/C","","","","",""
"CodeForces/2225/A.cpp","A","CodeForces","https://codeforces.com/contest/2225/problem/A","","","","",""
"CodeForces/2225/B. Alternating String.cpp","B. Alternating String","CodeForces","https://codeforces.com/contest/2225/problem/B","","","","",""
"CodeForces/2225/C. Red-Black Pairs.cpp","C. Red-Black Pairs","CodeForces","https://codeforces.com/contest/2225/problem/C","","","","",""
"CodeForces/2225/D. Exceptional Segments.cpp","D. Exceptional Segments","CodeForces","https://codeforces.com/contest/2225/problem/D","","","","",""
"CodeForces/2226/A.cpp","A","CodeForces","https://codeforces.com/contest/2226/problem/A","","","","",""
"CodeForces/2226/B. Everything Everywhere.cpp","B. Everything Everywhere","CodeForces","https://codeforces.com/contest/2226/problem/B","","","","",""
"CodeForces/2226/C. Mental Monumental (Easy Version).cpp","C. Mental Monumental (Easy Version)","CodeForces","https://codeforces.com/contest/2226/problem/C","","","","",""
"CodeForces/2227/E. It All Went Sideways.cpp","E. It All Went Sideways","CodeForces","https://codeforces.com/contest/2227/problem/E","","","","",""
"CodeForces/2227/F. It Just Keeps Going Sideways.cpp","F. It Just Keeps Going Sideways","CodeForces","https://codeforces.com/contest/2227/problem/F","","","","",""
"CodeForces/2228/A - Marisa Steals Reimu's Takeout.cpp","A - Marisa Steals Reimu's Takeout","CodeForces","https://codeforces.com/contest/2228/problem/A","","","","",""
"CodeForces/2228/B. Remilia Plays Soku.cpp","B. Remilia Plays Soku","CodeForces","https://codeforces.com/contest/2228/problem/B","","","","",""
"CodeForces/2228/C1. Cirno and Number (Easy Version).cpp","C1. Cirno and Number (Easy Version)","CodeForces","https://codeforces.com/contest/2228/problem/C1","","","","",""
"CodeForces/2228/D.cpp","D","CodeForces","https://codeforces.com/contest/2228/problem/D","","","","",""
"CodeForces/2230/A.cpp","A","CodeForces","https://codeforces.com/contest/2230/problem/A","","","","",""
"CodeForces/2230/B.cpp","B","CodeForces","https://codeforces.com/contest/2230/problem/B","","","","",""
"CodeForces/2230/C.cpp","C","CodeForces","https://codeforces.com/contest/2230/problem/C","","","","",""
"CodeForces/2230/D. Good Schedule.cpp","D. Good Schedule","CodeForces","https://codeforces.com/contest/2230/problem/D","","","","",""
"CodeForces/2230/E. Minimum Influence.cpp","E. Minimum Influence","CodeForces","https://codeforces.com/contest/2230/problem/E","","","","",""
"CodeForces/2231/A.cpp","A","CodeForces","https://codeforces.com/contest/2231/problem/A","","","","",""
"CodeForces/2231/B.cpp","B","CodeForces","https://codeforces.com/contest/2231/problem/B","","","","",""
"CodeForces/2231/C. Chipmunk Theo and Equality.cpp","C. Chipmunk Theo and Equality","CodeForces","https://codeforces.com/contest/2231/problem/C","","","","",""
"CodeForces/2231/D. Maximum Prefix Sums.cpp","D. Maximum Prefix Sums","CodeForces","https://codeforces.com/contest/2231/problem/D","","","","",""
"CodeForces/2231/E. Graph Cutting.cpp","E. Graph Cutting","CodeForces","https://codeforces.com/contest/2231/problem/E","","","","",""
"CodeForces/2232/A.cpp","A","CodeForces","https://codeforces.com/contest/2232/problem/A","","","","",""
"CodeForces/2232/B.cpp","B","CodeForces","https://codeforces.com/contest/2232/problem/B","","","","",""
"CodeForces/2232/C1. Seating Arrangement (Easy Version).cpp","C1. Seating Arrangement (Easy Version)","CodeForces","https://codeforces.com/contest/2232/problem/C1","","","","",""
"CodeForces/2232/C2. Seating Arrangement (Hard Version).cpp","C2. Seating Arrangement (Hard Version)","CodeForces","https://codeforces.com/contest/2232/problem/C2","","","","",""
"CodeForces/2232/D.cpp","D","CodeForces","https://codeforces.com/contest/2232/problem/D","","","","",""
"CodeForces/2233/A.cpp","A","CodeForces","https://codeforces.com/contest/2233/problem/A","","","","",""
"CodeForces/2233/B.cpp","B","CodeForces","https://codeforces.com/contest/2233/problem/B","","","","",""
"CodeForces/2233/C. Cost of a Bracket Sequence.cpp","C. Cost of a Bracket Sequence","CodeForces","https://codeforces.com/contest/2233/problem/C","","","","",""
"CodeForces/2233/D. Goods on the Shelf.cpp","D. Goods on the Shelf","CodeForces","https://codeforces.com/contest/2233/problem/D","","","","",""
"CodeForces/2234/A. Euclid, Sequence and Two Numbers.cpp","A. Euclid, Sequence and Two Numbers","CodeForces","https://codeforces.com/contest/2234/problem/A","","","","",""
"CodeForces/2234/C. Vessels, Heights and Two Versions (Easy Version).cpp","C. Vessels, Heights and Two Versions (Easy Version)","CodeForces","https://codeforces.com/contest/2234/problem/C","","","","",""
"DP专练/斐波那契型（计数类）/CF1105C Ayoub and Lost Array.cpp","CF1105C Ayoub and Lost Array","DP专练","","","","","",""
"DP专练/斐波那契型（计数类）/CF189A Cut Ribbon.cpp","CF189A Cut Ribbon","DP专练","","","","","",""
"DP专练/斐波那契型（计数类）/CF1901C Add, Divide and Floor.cpp","CF1901C Add, Divide and Floor","DP专练","","","","","",""
"DP专练/斐波那契型（计数类）/CF431C k-Tree.cpp","CF431C k-Tree","DP专练","","","","","",""
"DP专练/斐波那契型（计数类）/CF474D Flowers.cpp","CF474D Flowers","DP专练","","","","","",""
"DP专练/相邻不能选（最优值类）/CF1285B Just Eat It!.cpp","CF1285B Just Eat It!","DP专练","","","","","",""
"DP专练/相邻不能选（最优值类）/CF455A Boredom.cpp","CF455A Boredom","DP专练","","","","","",""
"DP专练/相邻不能选（最优值类）/CF607A Chain Reaction.cpp","CF607A Chain Reaction","DP专练","","","","","",""
"XCPC/CCPC/17th黑龙江省赛/A. Bookshelf Filling.cpp","A. Bookshelf Filling","XCPC","","","","","",""
"XCPC/CCPC/17th黑龙江省赛/C. Tree Division.cpp","C. Tree Division","XCPC","","","","","",""
"XCPC/CCPC/17th黑龙江省赛/F. 342 and Xiangqi.cpp","F. 342 and Xiangqi","XCPC","","","","","",""
"XCPC/CCPC/17th黑龙江省赛/G. Chevonne's Necklace.cpp","G. Chevonne's Necklace","XCPC","","","","","",""
"XCPC/CCPC/17th黑龙江省赛/H. Kanbun.cpp","H. Kanbun","XCPC","","","","","",""
"XCPC/CCPC/17th黑龙江省赛/I. Equal Sum Arrays.cpp","I. Equal Sum Arrays","XCPC","","","","","",""
"XCPC/CCPC/17th黑龙江省赛/L. Let's Swap..cpp","L. Let's Swap.","XCPC","","","","","",""
"XCPC/CCPC/2019CCPC四川省赛/A. Autochess.cpp","A. Autochess","XCPC","","","","","",""
"XCPC/CCPC/2019CCPC四川省赛/B. Bin Packing.cpp","B. Bin Packing","XCPC","","","","","",""
"XCPC/CCPC/2019CCPC四川省赛/H. Hack a Contest.cpp","H. Hack a Contest","XCPC","","","","","",""
"XCPC/CCPC/2019CCPC四川省赛/I. Inventory.cpp","I. Inventory","XCPC","","","","","",""
"XCPC/CCPC/2019CCPC四川省赛/J. Jump on Axis.cpp","J. Jump on Axis","XCPC","","","","","",""
"XCPC/CCPC/2020湖北省赛/D. Ending.cpp","D. Ending","XCPC","","","","","",""
"XCPC/CCPC/2020湖北省赛/F. Strong.cpp","F. Strong","XCPC","","","","","",""
"XCPC/CCPC/2020湖北省赛/G. Longest Palindromic Path.cpp","G. Longest Palindromic Path","XCPC","","","","","",""
"XCPC/CCPC/2021NCPC/A Antenna Analysis .cpp","A Antenna Analysis ","XCPC","","","","","",""
"XCPC/CCPC/2021NCPC/D - Deceptive Directions.cpp","D - Deceptive Directions","XCPC","","","","","",""
"XCPC/CCPC/2021NCPC/F - Fortune From Folly.cpp","F - Fortune From Folly","XCPC","","","","","",""
"XCPC/CCPC/2021NCPC/G - Grazed Grains.cpp","G - Grazed Grains","XCPC","","","","","",""
"XCPC/CCPC/2022Nordic/A.Ace Arbiter.cpp","A.Ace Arbiter","XCPC","","","","","",""
"XCPC/CCPC/2022Nordic/B.Berry Battle.cpp","B.Berry Battle","XCPC","","","","","",""
"XCPC/CCPC/2022Nordic/C.Coffee Cup Combo.cpp","C.Coffee Cup Combo","XCPC","","","","","",""
"XCPC/CCPC/2022Nordic/D.Disc District.cpp","D.Disc District","XCPC","","","","","",""
"XCPC/CCPC/2022Nordic/F.Foreign Football.cpp","F.Foreign Football","XCPC","","","","","",""
"XCPC/CCPC/2022Nordic/G.Graduation Guarantee.cpp","G.Graduation Guarantee","XCPC","","","","","",""
"XCPC/CCPC/2022Nordic/H.Highest Hill.cpp","H.Highest Hill","XCPC","","","","","",""
"XCPC/CCPC/2023CCPC广东省赛/A. Programming Contest.cpp","A. Programming Contest","XCPC","","","","","",""
"XCPC/CCPC/2023CCPC广东省赛/B. Base Station Construction.cpp","B. Base Station Construction","XCPC","","","","","",""
"XCPC/CCPC/2023CCPC广东省赛/C. Trading.cpp","C. Trading","XCPC","","","","","",""
"XCPC/CCPC/2023CCPC广东省赛/D. New Houses.cpp","D. New Houses","XCPC","","","","","",""
"XCPC/CCPC/2023CCPC广东省赛/I. Path Planning.cpp","I. Path Planning","XCPC","","","","","",""
"XCPC/CCPC/2023CCPC广东省赛/K. Peg Solitaire.cpp","K. Peg Solitaire","XCPC","","","","","",""
"XCPC/CCPC/2024CCPC济南站/A - The Fool .cpp","A - The Fool ","XCPC","","","","","",""
"XCPC/CCPC/2024CCPC济南站/F. The Hermit.cpp","F. The Hermit","XCPC","","","","","",""
"XCPC/CCPC/2024CCPC济南站/I - The Hanged Man.cpp","I - The Hanged Man","XCPC","","","","","",""
"XCPC/CCPC/2024CCPC济南站/J - Temperance.cpp","J - Temperance","XCPC","","","","","",""
"XCPC/CCPC/2025CCPC女赛/B-爬山.cpp","B-爬山","XCPC","","","","","",""
"XCPC/CCPC/2025CCPC女赛/C-短视频.cpp","C-短视频","XCPC","","","","","",""
"XCPC/CCPC/2025CCPC女赛/J-后鼻嘤.cpp","J-后鼻嘤","XCPC","","","","","",""
"XCPC/CCPC/2025CCPC女赛/K-左儿子右兄弟.cpp","K-左儿子右兄弟","XCPC","","","","","",""
"XCPC/CCPC/2026CCPC江苏省赛/A. Dancing Zombie.cpp","A. Dancing Zombie","XCPC","","","","","",""
"XCPC/CCPC/2026CCPC江苏省赛/C. Binary String.cpp","C. Binary String","XCPC","","","","","",""
"XCPC/CCPC/2026CCPC江苏省赛/F. Counting.cpp","F. Counting","XCPC","","","","","",""
"XCPC/CCPC/2026CCPC江苏省赛/K. Stock Trading.cpp","K. Stock Trading","XCPC","","","","","",""
"XCPC/ICPC/2018ICPC-CERC/Clockwork-ange.cpp","Clockwork-ange","XCPC","","","","","",""
"XCPC/ICPC/2018ICPC-CERC/Matrice.cpp","Matrice","XCPC","","","","","",""
"XCPC/ICPC/2018ICPC-CERC/The Silence of the Lamps.cpp","The Silence of the Lamps","XCPC","","","","","",""
"XCPC/ICPC/2019ICPC-NWERC/C. Canvas Line.cpp","C. Canvas Line","XCPC","","","","","",""
"XCPC/ICPC/2019ICPC-NWERC/E. Expeditious Cubing.cpp","E. Expeditious Cubing","XCPC","","","","","",""
"XCPC/ICPC/2019ICPC-NWERC/F. Firetrucks Are Red.cpp","F. Firetrucks Are Red","XCPC","","","","","",""
"XCPC/ICPC/2019ICPC-NWERC/G. Gnoll Hypothesis.cpp","G. Gnoll Hypothesis","XCPC","","","","","",""
"XCPC/ICPC/2020ICPC-Macau/D - Artifacts.cpp","D - Artifacts","XCPC","","","","","",""
"XCPC/ICPC/2020ICPC-Macau/F. Fixing Networks.cpp","F. Fixing Networks","XCPC","","","","","",""
"XCPC/ICPC/2020ICPC济南/A. Matrix Equation.cpp","A. Matrix Equation","XCPC","","","","","",""
"XCPC/ICPC/2020ICPC济南/C. Stone Game.cpp","C. Stone Game","XCPC","","","","","",""
"XCPC/ICPC/2020ICPC济南/D. Fight against involution.cpp","D. Fight against involution","XCPC","","","","","",""
"XCPC/ICPC/2020ICPC济南/G. Xor Transformation.cpp","G. Xor Transformation","XCPC","","","","","",""
"XCPC/ICPC/2020ICPC济南/J. Tree Constructer.cpp","J. Tree Constructer","XCPC","","","","","",""
"XCPC/ICPC/2020ICPC济南/M. Cook Pancakes!.cpp","M. Cook Pancakes!","XCPC","","","","","",""
"XCPC/ICPC/2023ICPC山东/A.订单.cpp","A.订单","XCPC","","","","","",""
"XCPC/ICPC/2023ICPC山东/D.负重越野.cpp","D.负重越野","XCPC","","","","","",""
"XCPC/ICPC/2023ICPC山东/F.多彩的线段.cpp","F.多彩的线段","XCPC","","","","","",""
"XCPC/ICPC/2023ICPC山东/G.匹配.cpp","G.匹配","XCPC","","","","","",""
"XCPC/ICPC/2023ICPC山东/I. 三只骰子.cpp","I. 三只骰子","XCPC","","","","","",""
"XCPC/ICPC/2023ICPC山东/L.谜题：曲尺.cpp","L.谜题：曲尺","XCPC","","","","","",""
"XCPC/ICPC/2024ICPC湖北省赛/A. Long Live.cpp","A. Long Live","XCPC","","","","","",""
"XCPC/ICPC/2024ICPC湖北省赛/B. Nana Likes Polygons.cpp","B. Nana Likes Polygons","XCPC","","","","","",""
"XCPC/ICPC/2024ICPC湖北省赛/E. Spicy or Grilled.cpp","E. Spicy or Grilled","XCPC","","","","","",""
"XCPC/ICPC/2024ICPC湖北省赛/G. Genshin Impact Startup Forbidden II.cpp","G. Genshin Impact Startup Forbidden II","XCPC","","","","","",""
"XCPC/ICPC/2024ICPC湖北省赛/H. Genshin Impact Startup Forbidden III.cpp","H. Genshin Impact Startup Forbidden III","XCPC","","","","","",""
"XCPC/ICPC/2024ICPC湖北省赛/J. Points on the Number Axis A.cpp","J. Points on the Number Axis A","XCPC","","","","","",""
"XCPC/ICPC/2024ICPC湖北省赛/L. LCMs.cpp","L. LCMs","XCPC","","","","","",""
"XCPC/ICPC/2025ICPC成都/G. GCD of Subsets.cpp","G. GCD of Subsets","XCPC","","","","","",""
"XCPC/ICPC/2025ICPC沈阳/B. Buggy Painting Software I.cpp","B. Buggy Painting Software I","XCPC","","","","","",""
"XCPC/ICPC/2025ICPC沈阳/I. Volunteer Simulator.cpp","I. Volunteer Simulator","XCPC","","","","","",""
"XCPC/ICPC/2025ICPC沈阳/K. Relay Jump.cpp","K. Relay Jump","XCPC","","","","","",""
"XCPC/ICPC/2025ICPC沈阳/M. The End.cpp","M. The End","XCPC","","","","","",""
"XCPC/ICPC/2025ICPC武汉/E-变魔术.cpp","E-变魔术","XCPC","","","","","",""
"XCPC/ICPC/2025ICPC武汉/F-分治.cpp","F-分治","XCPC","","","","","",""
"XCPC/ICPC/2026ICPC-河南省赛/A. 来点离线做法.cpp","A. 来点离线做法","XCPC","","","","","",""
"XCPC/ICPC/2026ICPC-河南省赛/B. 停车难题.cpp","B. 停车难题","XCPC","","","","","",""
"XCPC/ICPC/2026ICPC-河南省赛/C. 数学的大厦崩塌了.cpp","C. 数学的大厦崩塌了","XCPC","","","","","",""
"XCPC/ICPC/2026ICPC-河南省赛/E. 赚的越多，赚的越少.cpp","E. 赚的越多，赚的越少","XCPC","","","","","",""
"XCPC/ICPC/2026ICPC-河南省赛/F. 阶乘的和.cpp","F. 阶乘的和","XCPC","","","","","",""
"XCPC/ICPC/2026ICPC-河南省赛/G. 球.cpp","G. 球","XCPC","","","","","",""
"XCPC/ICPC/2026ICPC-河南省赛/I.收益.cpp","I.收益","XCPC","","","","","",""
"XCPC/ICPC/2026ICPC-河南省赛/J. 神经网络图染.cpp","J. 神经网络图染","XCPC","","","","","",""
"XCPC/ICPC/2026ICPC-河南省赛/K. 取石子.cpp","K. 取石子","XCPC","","","","","",""
"XCPC/ICPC/2026ICPC-河南省赛/L. 最小生成图.cpp","L. 最小生成图","XCPC","","","","","",""
"XCPC/ICPC/2026ICPC-西安/A. North and South.cpp","A. North and South","XCPC","","","","","",""
"XCPC/ICPC/2026ICPC-西安/B. Operating Robot.cpp","B. Operating Robot","XCPC","","","","","",""
"XCPC/ICPC/2026ICPC-西安/D. Qenerals.cpp","D. Qenerals","XCPC","","","","","",""
"XCPC/ICPC/2026ICPC-西安/E. Registration.cpp","E. Registration","XCPC","","","","","",""
"XCPC/ICPC/2026ICPC-西安/J. Would You Make a Convex.cpp","J. Would You Make a Convex","XCPC","","","","","",""
"XCPC/ICPC/2026ICPC-西安/L. Yesterday Once More (Easy Version).cpp","L. Yesterday Once More (Easy Version)","XCPC","","","","","",""
"XCPC/ICPC/2026ICPC-浙江/F. Tired(单调队列维护).cpp","F. Tired(单调队列维护)","XCPC","","","","","",""
"XCPC/ICPC/2026ICPC-浙江/F. Tired(线段树维护).cpp","F. Tired(线段树维护)","XCPC","","","","","",""
"XCPC/ICPC/2026ICPC-浙江/G. Boring Constructive Problem.cpp","G. Boring Constructive Problem","XCPC","","","","","",""
"XCPC/ICPC/2026ICPC-浙江/H. ucup-team7610.cpp","H. ucup-team7610","XCPC","","","","","",""
"XCPC/ICPC/2026ICPC-浙江/I. Hikoutei.cpp","I. Hikoutei","XCPC","","","","","",""
"XCPC/ICPC/2026ICPC-浙江/J. Ballon Problem.cpp","J. Ballon Problem","XCPC","","","","","",""
"XCPC/ICPC/2026ICPC-浙江/L. Marcel Adventure.cpp","L. Marcel Adventure","XCPC","","","","","",""
"板子tg.cpp","板子tg","Root","","","","","",""
"出题R/iin.cpp","iin","出题R","","","","","",""
"出题R/oot.cpp","oot","出题R","","","","","",""
"二分图/CF1537F Figure Fixing.cpp","CF1537F Figure Fixing","二分图","","","","","",""
"二分图/CF1684G Euclid Guess.cpp","CF1684G Euclid Guess","二分图","","","","","",""
"二分图/D. Alternating Path.cpp","D. Alternating Path","二分图","","","","","",""
"二分图/D. Beautiful Graph.cpp","D. Beautiful Graph","二分图","","","","","",""
"二分图/F. Graph Without Long Directed Paths.cpp","F. Graph Without Long Directed Paths","二分图","","","","","",""
"杭电/第八场/1005笑容波状攻击.cpp","1005笑容波状攻击","杭电","","","","","",""
"杭电/第八场/1006忠犬PARE公.cpp","1006忠犬PARE公","杭电","","","","","",""
"杭电/第八场/1009怪演二十面相.cpp","1009怪演二十面相","杭电","","","","","",""
"杭电/第二场/A.cpp","A","杭电","","","","","",""
"杭电/第二场/古都茶叙.cpp","古都茶叙","杭电","","","","","",""
"杭电/第二场/静海拾光.cpp","静海拾光","杭电","","","","","",""
"杭电/第二场/三途川畔.cpp","三途川畔","杭电","","","","","",""
"杭电/第二场/微缩庭园.cpp","微缩庭园","杭电","","","","","",""
"杭电/第二场/云端航迹.cpp","云端航迹","杭电","","","","","",""
"杭电/第六场/不开心世纪.cpp","不开心世纪","杭电","","","","","",""
"杭电/第六场/绩点查询.cpp","绩点查询","杭电","","","","","",""
"杭电/第六场/月之都.cpp","月之都","杭电","","","","","",""
"杭电/第七场/1002Bingo.cpp","1002Bingo","杭电","","","","","",""
"杭电/第七场/1004Trade.cpp","1004Trade","杭电","","","","","",""
"杭电/第七场/1006Galgame.cpp","1006Galgame","杭电","","","","","",""
"杭电/第七场/1007Bridge.cpp","1007Bridge","杭电","","","","","",""
"杭电/第七场/1008Horse Racing.cpp","1008Horse Racing","杭电","","","","","",""
"杭电/第七场/1011.01.cpp","1011.01","杭电","","","","","",""
"杭电/第三场/3X3安全箱.cpp","3X3安全箱","杭电","","","","","",""
"杭电/第三场/河城杂货.cpp","河城杂货","杭电","","","","","",""
"杭电/第三场/扑克牌.cpp","扑克牌","杭电","","","","","",""
"杭电/第三场/式神契约论.cpp","式神契约论","杭电","","","","","",""
"杭电/第三场/组合树.cpp","组合树","杭电","","","","","",""
"杭电/第十场/1004歪歪爱追剧.cpp","1004歪歪爱追剧","杭电","","","","","",""
"杭电/第十场/1008星际贸易市场.cpp","1008星际贸易市场","杭电","","","","","",""
"杭电/第五场/草料集市.cpp","草料集市","杭电","","","","","",""
"杭电/第五场/老骥伏枥.cpp","老骥伏枥","杭电","","","","","",""
"杭电/第五场/马蹄疾.cpp","马蹄疾","杭电","","","","","",""
"杭电/第五场/驿站.cpp","驿站","杭电","","","","","",""
"杭电/第一场/大户爱的gcd.cpp","大户爱的gcd","杭电","","","","","",""
"杭电/第一场/大户爱的开根.cpp","大户爱的开根","杭电","","","","","",""
"杭电/第一场/流沙.cpp","流沙","杭电","","","","","",""
"杭电/第一场/巧克力工厂.cpp","巧克力工厂","杭电","","","","","",""
"杭电/第一场/数字王国的警报密码.cpp","数字王国的警报密码","杭电","","","","","",""
"杭电/第一场/数字王国-法2.cpp","数字王国-法2","杭电","","","","","",""
"杭电/热身赛/临渊羡鱼.cpp","临渊羡鱼","杭电","","","","","",""
"杭电/热身赛/收买时间.cpp","收买时间","杭电","","","","","",""
"杭电/热身赛/雪蜜冰城柠檬茶.cpp","雪蜜冰城柠檬茶","杭电","","","","","",""
"杭电/热身赛/杂草蔓延.cpp","杂草蔓延","杭电","","","","","",""
"杭电/热身赛/最大的公约数.cpp","最大的公约数","杭电","","","","","",""
"杭电/热身赛/最大三段和.cpp","最大三段和","杭电","","","","","",""
"好题/dfs枚举.cpp","dfs枚举","好题","","","","","",""
"好题/P1197 [JSOI2008] 星球大战.cpp","P1197 [JSOI2008] 星球大战","好题","https://www.luogu.com.cn/problem/P1197","","","","",""
"好题/P1908 逆序对.cpp","P1908 逆序对","好题","https://www.luogu.com.cn/problem/P1908","","","","",""
"好题/浮点二分+函数图形面积.cpp","浮点二分+函数图形面积","好题","","","","","",""
"好题/练习.cpp","练习","好题","","","","","",""
"好题/牛客-小白-130-C.cpp","牛客-小白-130-C","好题","","","","","",""
"好题/线性dp.cpp","线性dp","好题","","","","","",""
"蓝桥杯/2025国B/2025翻倍.cpp","2025翻倍","蓝桥杯","","","","","",""
"蓝桥杯/2025国B/2025蓝桥星数字.cpp","2025蓝桥星数字","蓝桥杯","","","","","",""
"蓝桥杯/2025国B/P122833 斐波那契字符串.cpp","P122833 斐波那契字符串","蓝桥杯","https://www.luogu.com.cn/problem/P122833","","","","",""
"蓝桥杯/2025国B/P12830 新型锁.cpp","P12830 新型锁","蓝桥杯","https://www.luogu.com.cn/problem/P12830","","","","",""
"蓝桥杯/2025国B/P12831 互质藏卡.cpp","P12831 互质藏卡","蓝桥杯","https://www.luogu.com.cn/problem/P12831","","","","",""
"蓝桥杯/2025国B/P12832 数字轮盘.cpp","P12832 数字轮盘","蓝桥杯","https://www.luogu.com.cn/problem/P12832","","","","",""
"蓝桥杯/2025国B/P12837 近似回文字符串.cpp","P12837 近似回文字符串","蓝桥杯","https://www.luogu.com.cn/problem/P12837","","","","",""
"蓝桥杯/2025省B/产值调整.cpp","产值调整","蓝桥杯","","","","","",""
"蓝桥杯/2025省B/画展布置.cpp","画展布置","蓝桥杯","","","","","",""
"蓝桥杯/2025省B/水质检测.cpp","水质检测","蓝桥杯","","","","","",""
"蓝桥杯/2025省B/移动距离.cpp","移动距离","蓝桥杯","","","","","",""
"蓝桥杯/2025省B/装修报价.cpp","装修报价","蓝桥杯","","","","","",""
"蓝桥杯/2025省B第二场/25 之和.cpp","25 之和","蓝桥杯","","","","","",""
"蓝桥杯/2025省B第二场/翻转硬币.cpp","翻转硬币","蓝桥杯","","","","","",""
"蓝桥杯/2025省B第二场/脉冲强度之和.cpp","脉冲强度之和","蓝桥杯","","","","","",""
"蓝桥杯/2025省B第二场/密密拜访.cpp","密密拜访","蓝桥杯","","","","","",""
"蓝桥杯/2025省B第二场/破解信息.cpp","破解信息","蓝桥杯","","","","","",""
"蓝桥杯/2025省B第二场/旗帜.cpp","旗帜","蓝桥杯","","","","","",""
"蓝桥杯/2025省B第二场/树上寻宝.cpp","树上寻宝","蓝桥杯","","","","","",""
"蓝桥杯/2025省B第二场/数列差分.cpp","数列差分","蓝桥杯","","","","","",""
"马蹄杯/2023/MC0203 小码哥的艰难选择.cpp","MC0203 小码哥的艰难选择","马蹄杯","","","","","",""
"马蹄杯/2023/MC0204 世界警察.cpp","MC0204 世界警察","马蹄杯","","","","","",""
"马蹄杯/2023/MC0206 小码哥的英语.cpp","MC0206 小码哥的英语","马蹄杯","","","","","",""
"马蹄杯/2023/MC0207 中转站.cpp","MC0207 中转站","马蹄杯","","","","","",""
"马蹄杯/2023/MC0210 安全验证.cpp","MC0210 安全验证","马蹄杯","","","","","",""
"马蹄杯/2023/MC0212 旅行.cpp","MC0212 旅行","马蹄杯","","","","","",""
"马蹄杯/2025/MC0452 加微信.cpp","MC0452 加微信","马蹄杯","","","","","",""
"马蹄杯/2025/MC0453 k边形.cpp","MC0453 k边形","马蹄杯","","","","","",""
"马蹄杯/2025/MC0455 四大名著-西游签到.cpp","MC0455 四大名著-西游签到","马蹄杯","","","","","",""
"马蹄杯/2025/MC0456 斩断灵藤.cpp","MC0456 斩断灵藤","马蹄杯","","","","","",""
"马蹄杯/2025/MC0457 符咒封印.cpp","MC0457 符咒封印","马蹄杯","","","","","",""
"马蹄杯/2025/MC0461 排队.cpp","MC0461 排队","马蹄杯","","","","","",""
"马蹄杯/2025/MC0462 最后一难.cpp","MC0462 最后一难","马蹄杯","","","","","",""
"马蹄杯/2025/MC0463 四大名著-水浒签到.cpp","MC0463 四大名著-水浒签到","马蹄杯","","","","","",""
"马蹄杯/2025/MC0464 鲁智深的佛缘.cpp","MC0464 鲁智深的佛缘","马蹄杯","","","","","",""
"马蹄杯/2025/MC0465 夺取山寨.cpp","MC0465 夺取山寨","马蹄杯","","","","","",""
"马蹄杯/2025/MC0467 守卫城堡.cpp","MC0467 守卫城堡","马蹄杯","","","","","",""
"马蹄杯/2025/MC0473 连营阵图.cpp","MC0473 连营阵图","马蹄杯","","","","","",""
"马蹄杯/2025/MC0474 赤壁战场.cpp","MC0474 赤壁战场","马蹄杯","","","","","",""
"马蹄杯/2025/MC0481 丫鬟的月例银.cpp","MC0481 丫鬟的月例银","马蹄杯","","","","","",""
"马蹄杯/2025/MC0487 宝玉的考验.cpp","MC0487 宝玉的考验","马蹄杯","","","","","",""
"马蹄杯/2025/MC0490 甄士隐的印章.cpp","MC0490 甄士隐的印章","马蹄杯","","","","","",""
"马蹄杯/2026/MC0504 伐楚是好时机.cpp","MC0504 伐楚是好时机","马蹄杯","","","","","",""
"马蹄杯/2026/MC0505 厨房里练手艺.cpp","MC0505 厨房里练手艺","马蹄杯","","","","","",""
"马蹄杯/2026/MC0506 摆酒席设圈套.cpp","MC0506 摆酒席设圈套","马蹄杯","","","","","",""
"马蹄杯/2026/MC0507 鱼肚里掏出剑.cpp","MC0507 鱼肚里掏出剑","马蹄杯","","","","","",""
"马蹄杯/2026/MC0508 专诸刺僚双亡.cpp","MC0508 专诸刺僚双亡","马蹄杯","","","","","",""
"马蹄杯/2026/MC0509 快刀乱麻定局.cpp","MC0509 快刀乱麻定局","马蹄杯","","","","","",""
"马蹄杯/2026/MC0547 子胥渡江计数.cpp","MC0547 子胥渡江计数","马蹄杯","","","","","",""
"马蹄杯/2026/MC0548 公子密会子胥.cpp","MC0548 公子密会子胥","马蹄杯","","","","","",""
"马蹄杯/2026/MC0549 专诸市井被荐.cpp","MC0549 专诸市井被荐","马蹄杯","","","","","",""
"马蹄杯/2026/MC0550 鱼肠剑试锋芒.cpp","MC0550 鱼肠剑试锋芒","马蹄杯","","","","","",""
"马蹄杯/2026/MC0551 炙鱼术隐杀机.cpp","MC0551 炙鱼术隐杀机","马蹄杯","","","","","",""
"马蹄杯/2026/MC0552 伏兵暗室设宴.cpp","MC0552 伏兵暗室设宴","马蹄杯","","","","","",""
"马蹄杯/2026/MC0553 鱼腹剑刺王僚.cpp","MC0553 鱼腹剑刺王僚","马蹄杯","","","","","",""
"马蹄杯/2026/MC0556 掘墓统计铭文.cpp","MC0556 掘墓统计铭文","马蹄杯","","","","","",""
"马蹄杯/2026/MC0560 国士知遇豫让心.cpp","MC0560 国士知遇豫让心","马蹄杯","","","","","",""
"马蹄杯/2026/MC0562 易服潜刺初失手.cpp","MC0562 易服潜刺初失手","马蹄杯","","","","","",""
"马蹄杯/2026/MC0565 豫让伏桥修暗器.cpp","MC0565 豫让伏桥修暗器","马蹄杯","","","","","",""
"奶龙杯-可恶/奶龙杯/A.cpp","A","奶龙杯-可恶","","","","","",""
"奶龙杯-可恶/奶龙杯/B.cpp","B","奶龙杯-可恶","","","","","",""
"奶龙杯-可恶/奶龙杯/C.cpp","C","奶龙杯-可恶","","","","","",""
"奶龙杯-可恶/奶龙杯/D.cpp","D","奶龙杯-可恶","","","","","",""
"奶龙杯-可恶/奶龙杯/E.cpp","E","奶龙杯-可恶","","","","","",""
"奶龙杯-可恶/奶龙杯/G.cpp","G","奶龙杯-可恶","","","","","",""
"奶龙杯-可恶/奶龙杯/H-floyed.cpp","H-floyed","奶龙杯-可恶","","","","","",""
"奶龙杯-可恶/奶龙杯/J.cpp","J","奶龙杯-可恶","","","","","",""
"奶龙杯-可恶/奶龙杯/K最长公共前缀LCP(字典树).cpp","K最长公共前缀LCP(字典树)","奶龙杯-可恶","","","","","",""
"奶龙杯-可恶/奶龙杯2/A.cpp","A","奶龙杯-可恶","","","","","",""
"奶龙杯-可恶/奶龙杯2/B.cpp","B","奶龙杯-可恶","","","","","",""
"奶龙杯-可恶/奶龙杯2/C.cpp","C","奶龙杯-可恶","","","","","",""
"奶龙杯-可恶/奶龙杯2/D.cpp","D","奶龙杯-可恶","","","","","",""
"奶龙杯-可恶/奶龙杯2/E.cpp","E","奶龙杯-可恶","","","","","",""
"奶龙杯-可恶/奶龙杯2/F.cpp","F","奶龙杯-可恶","","","","","",""
"奶龙杯-可恶/奶龙杯2/G.cpp","G","奶龙杯-可恶","","","","","",""
"奶龙杯-可恶/奶龙杯2/H.cpp","H","奶龙杯-可恶","","","","","",""
"奶龙杯-可恶/奶龙杯2/I.cpp","I","奶龙杯-可恶","","","","","",""
"奶龙杯-可恶/奶龙杯2/J.cpp","J","奶龙杯-可恶","","","","","",""
"奶龙杯-可恶/奶龙杯2/K.cpp","K","奶龙杯-可恶","","","","","",""
"奶龙杯-可恶/奶龙杯2/L.cpp","L","奶龙杯-可恶","","","","","",""
"奶龙杯-可恶/奶龙杯2/M.cpp","M","奶龙杯-可恶","","","","","",""
"奶龙杯-可恶/奶龙杯2/N.cpp","N","奶龙杯-可恶","","","","","",""
"奶龙杯-可恶/奶龙杯2/O.cpp","O","奶龙杯-可恶","","","","","",""
"奶龙杯-可恶/奶龙杯2/P.cpp","P","奶龙杯-可恶","","","","","",""
"奶龙杯-可恶/奶龙杯2/Q.cpp","Q","奶龙杯-可恶","","","","","",""
"奶龙杯-可恶/奶龙杯2/S.cpp","S","奶龙杯-可恶","","","","","",""
"奶龙杯-可恶/奶龙杯2/T.cpp","T","奶龙杯-可恶","","","","","",""
"奶龙杯-可恶/奶龙杯2/V.cpp","V","奶龙杯-可恶","","","","","",""
"牛客/小白月赛/小白月赛130/C.cpp","C","牛客","","","","","",""
"牛客/周赛/Round-130/A.cpp","A","牛客","","","","","",""
"牛客/周赛/Round-130/B.cpp","B","牛客","","","","","",""
"牛客/周赛/Round-130/C.cpp","C","牛客","","","","","",""
"牛客/周赛/Round-130/D.cpp","D","牛客","","","","","",""
"牛客/周赛/Round-130/E.cpp","E","牛客","","","","","",""
"牛客/周赛/Round-130/F.cpp","F","牛客","","","","","",""
"牛客/周赛/Round-136/C-小红的排列.cpp","C-小红的排列","牛客","","","","","",""
"排位赛/3.23排位赛(2024-上海省赛)/A.无线网络整点栅格统计.cpp","A.无线网络整点栅格统计","排位赛","","","","","",""
"排位赛/3.23排位赛(2024-上海省赛)/E.无线软件日.cpp","E.无线软件日","排位赛","","","","","",""
"排位赛/3.23排位赛(2024-上海省赛)/J.极简合数序列.cpp","J.极简合数序列","排位赛","","","","","",""
"排位赛/3.23排位赛(2024-上海省赛)/L.扩散模型.cpp","L.扩散模型","排位赛","","","","","",""
"排位赛/3.23排位赛(2024-上海省赛)/M.不共戴天.cpp","M.不共戴天","排位赛","","","","","",""
"排位赛/3.25(2024-江苏省赛)/E - Divide.cpp","E - Divide","排位赛","","","","","",""
"排位赛/3.25(2024-江苏省赛)/F - Download Speed Monitor.cpp","F - Download Speed Monitor","排位赛","","","","","",""
"排位赛/3.25(2024-江苏省赛)/G - Download Time Monitor.cpp","G - Download Time Monitor","排位赛","","","","","",""
"排位赛/3.25(2024-江苏省赛)/I - Integer Reaction .cpp","I - Integer Reaction ","排位赛","","","","","",""
"排位赛/3.25(2024-江苏省赛)/K - Number Deletion Game.cpp","K - Number Deletion Game","排位赛","","","","","",""
"排位赛/3.30(8th-湖北省赛)/A.cpp","A","排位赛","","","","","",""
"排位赛/3.30(8th-湖北省赛)/C.cpp","C","排位赛","","","","","",""
"排位赛/3.30(8th-湖北省赛)/E.cpp","E","排位赛","","","","","",""
"排位赛/3.30(8th-湖北省赛)/G.cpp","G","排位赛","","","","","",""
"排位赛/3.30(8th-湖北省赛)/I.cpp","I","排位赛","","","","","",""
"排位赛/3.30(8th-湖北省赛)/J.cpp","J","排位赛","","","","","",""
"排位赛/3.30(8th-湖北省赛)/K.cpp","K","排位赛","","","","","",""
"排位赛/4.01(2017th-四川省赛)/F - Simple Algebra.cpp","F - Simple Algebra","排位赛","","","","","",""
"排位赛/4.01(2017th-四川省赛)/G - 2017.cpp","G - 2017","排位赛","","","","","",""
"排位赛/4.01(2017th-四川省赛)/L - Nice Trick.cpp","L - Nice Trick","排位赛","","","","","",""
"排位赛/第八场/A.cpp","A","排位赛","","","","","",""
"排位赛/第八场/B.cpp","B","排位赛","","","","","",""
"排位赛/第八场/C.cpp","C","排位赛","","","","","",""
"排位赛/第八场/D.cpp","D","排位赛","","","","","",""
"排位赛/第八场/G.cpp","G","排位赛","","","","","",""
"排位赛/第八场/H.cpp","H","排位赛","","","","","",""
"排位赛/第八场/J.cpp","J","排位赛","","","","","",""
"排位赛/第二场(10th-山东省赛)/A(Calandar).cpp","A(Calandar)","排位赛","","","","","",""
"排位赛/第二场(10th-山东省赛)/B(Flipping Game).cpp","B(Flipping Game)","排位赛","","","","","",""
"排位赛/第二场(10th-山东省赛)/C(Wandering Robot).cpp","C(Wandering Robot)","排位赛","","","","","",""
"排位赛/第二场(10th-山东省赛)/D(Game on a Graph ).cpp","D(Game on a Graph )","排位赛","","","","","",""
"排位赛/第二场(10th-山东省赛)/F(Stones in the Bucket).cpp","F(Stones in the Bucket)","排位赛","","","","","",""
"排位赛/第二场(10th-山东省赛)/H(Tokens on the Segments).cpp","H(Tokens on the Segments)","排位赛","","","","","",""
"排位赛/第二场(10th-山东省赛)/K(Happy Equation ).cpp","K(Happy Equation )","排位赛","","","","","",""
"排位赛/第二场(10th-山东省赛)/l(Median).cpp","l(Median)","排位赛","","","","","",""
"排位赛/第二场(10th-山东省赛)/M(Sekiro).cpp","M(Sekiro)","排位赛","","","","","",""
"排位赛/第九场(13-山东省赛)3.11.cpp/A - Orders.cpp","A - Orders","排位赛","","","","","",""
"排位赛/第九场(13-山东省赛)3.11.cpp/B - Building Company.cpp","B - Building Company","排位赛","","","","","",""
"排位赛/第九场(13-山东省赛)3.11.cpp/D - Fast and Fat.cpp","D - Fast and Fat","排位赛","","","","","",""
"排位赛/第九场(13-山东省赛)3.11.cpp/E - Math Problem.cpp","E - Math Problem","排位赛","","","","","",""
"排位赛/第九场(13-山东省赛)3.11.cpp/F.cpp","F","排位赛","","","","","",""
"排位赛/第九场(13-山东省赛)3.11.cpp/G - Matching.cpp","G - Matching","排位赛","","","","","",""
"排位赛/第九场(13-山东省赛)3.11.cpp/I - Three Dice.cpp","I - Three Dice","排位赛","","","","","",""
"排位赛/第九场(13-山东省赛)3.11.cpp/J. Not Another Path Query Problem.cpp","J. Not Another Path Query Problem","排位赛","","","","","",""
"排位赛/第九场(13-山东省赛)3.11.cpp/L.cpp","L","排位赛","","","","","",""
"排位赛/第六场(18th-浙江省赛)/A - League of Legends.cpp","A - League of Legends","排位赛","","","","","",""
"排位赛/第六场(18th-浙江省赛)/B.cpp","B","排位赛","","","","","",""
"排位赛/第六场(18th-浙江省赛)/C - Cube.cpp","C - Cube","排位赛","","","","","",""
"排位赛/第六场(18th-浙江省赛)/D.cpp","D","排位赛","","","","","",""
"排位赛/第六场(18th-浙江省赛)/F - Fair Distribution.cpp","F - Fair Distribution","排位赛","","","","","",""
"排位赛/第六场(18th-浙江省赛)/G - Wall Game.cpp","G - Wall Game","排位赛","","","","","",""
"排位赛/第六场(18th-浙江省赛)/I-Grammy and Ropes.cpp","I-Grammy and Ropes","排位赛","","","","","",""
"排位赛/第六场(18th-浙江省赛)/J - Grammy and Jewelry.cpp","J - Grammy and Jewelry","排位赛","","","","","",""
"排位赛/第六场(18th-浙江省赛)/L.cpp","L","排位赛","","","","","",""
"排位赛/第六场(18th-浙江省赛)/M - Game Theory.cpp","M - Game Theory","排位赛","","","","","",""
"排位赛/第七场(2020-湖南省赛)/A.cpp","A","排位赛","","","","","",""
"排位赛/第七场(2020-湖南省赛)/B.cpp","B","排位赛","","","","","",""
"排位赛/第七场(2020-湖南省赛)/C.cpp","C","排位赛","","","","","",""
"排位赛/第七场(2020-湖南省赛)/D.cpp","D","排位赛","","","","","",""
"排位赛/第七场(2020-湖南省赛)/G.cpp","G","排位赛","","","","","",""
"排位赛/第七场(2020-湖南省赛)/H.cpp","H","排位赛","","","","","",""
"排位赛/第七场(2020-湖南省赛)/I.cpp","I","排位赛","","","","","",""
"排位赛/第三场/A.cpp","A","排位赛","","","","","",""
"排位赛/第三场/B.cpp","B","排位赛","","","","","",""
"排位赛/第三场/C. Necklace.cpp","C. Necklace","排位赛","","","","","",""
"排位赛/第三场/F. Cactus.cpp","F. Cactus","排位赛","","","","","",""
"排位赛/第三场/H. Three Integers.cpp","H. Three Integers","排位赛","","","","","",""
"排位赛/第三场/I. Pudding Store.cpp","I. Pudding Store","排位赛","","","","","",""
"排位赛/第十场(2023-湖北省赛)/C. Darkness I.cpp","C. Darkness I","排位赛","","","","","",""
"排位赛/第十场(2023-湖北省赛)/F. Inverse Manacher.cpp","F. Inverse Manacher","排位赛","","","","","",""
"排位赛/第十场(2023-湖北省赛)/H. Binary Craziness.cpp","H. Binary Craziness","排位赛","","","","","",""
"排位赛/第十场(2023-湖北省赛)/I. Step.cpp","I. Step","排位赛","","","","","",""
"排位赛/第十场(2023-湖北省赛)/J. Expansion.cpp","J. Expansion","排位赛","","","","","",""
"排位赛/第十场(2023-湖北省赛)/K. Dice Game.cpp","K. Dice Game","排位赛","","","","","",""
"排位赛/第十场(2023-湖北省赛)/M. Different Billing.cpp","M. Different Billing","排位赛","","","","","",""
"排位赛/第十一场/C - DFS 序.cpp","C - DFS 序","排位赛","","","","","",""
"排位赛/第十一场/E - 循环赛.cpp","E - 循环赛","排位赛","","","","","",""
"排位赛/第十一场/G - Menji 和 gcd.cpp","G - Menji 和 gcd","排位赛","","","","","",""
"排位赛/第十一场/I - 不等式.cpp","I - 不等式","排位赛","","","","","",""
"排位赛/第四场(2022-湖北省赛)/A.Nucleic Acid Test.cpp","A.Nucleic Acid Test","排位赛","","","","","",""
"排位赛/第四场(2022-湖北省赛)/B. Potion(easy version).cpp","B. Potion(easy version)","排位赛","","","","","",""
"排位赛/第四场(2022-湖北省赛)/F. Angel.cpp","F. Angel","排位赛","","","","","",""
"排位赛/第四场(2022-湖北省赛)/J. Palindrome Reversion.cpp","J. Palindrome Reversion","排位赛","","","","","",""
"排位赛/第四场(2022-湖北省赛)/K.PTT.cpp","K.PTT","排位赛","","","","","",""
"排位赛/第四场(2022-湖北省赛)/L.Chtholly and the Broken Chronograph.cpp","L.Chtholly and the Broken Chronograph","排位赛","","","","","",""
"排位赛/第五场(2022-绵阳CCPC)/A- Ban or Pick, What's the Trick.cpp","A- Ban or Pick, What's the Trick","排位赛","","","","","",""
"排位赛/第五场(2022-绵阳CCPC)/C-Catch You Catch Me.cpp","C-Catch You Catch Me","排位赛","","","","","",""
"排位赛/第五场(2022-绵阳CCPC)/D. Gambler's Ruin.cpp","D. Gambler's Ruin","排位赛","","","","","",""
"排位赛/第五场(2022-绵阳CCPC)/E-Hammer to Fall.cpp","E-Hammer to Fall","排位赛","","","","","",""
"排位赛/第五场(2022-绵阳CCPC)/G-Let Them Eat Cake.cpp","G-Let Them Eat Cake","排位赛","","","","","",""
"排位赛/第五场(2022-绵阳CCPC)/H-Life is Hard and Undecidable, but....cpp","H-Life is Hard and Undecidable, but...","排位赛","","","","","",""
"排位赛/第五场(2022-绵阳CCPC)/M - Rock-Paper-Scissors Pyramid.cpp","M - Rock-Paper-Scissors Pyramid","排位赛","","","","","",""
"排位赛/第一场/A - Digit Mode.cpp","A - Digit Mode","排位赛","","","","","",""
"排位赛/第一场/B - Escape Plan.cpp","B - Escape Plan","排位赛","","","","","",""
"排位赛/第一场/D - New Houses.cpp","D - New Houses","排位赛","","","","","",""
"排位赛/第一场/E - Canvas.cpp","E - Canvas","排位赛","","","","","",""
"排位赛/第一场/I - Programming Contest.cpp","I - Programming Contest","排位赛","","","","","",""
"排位赛/第一场/K - Trading.cpp","K - Trading","排位赛","","","","","",""
"树上启发式合并/CF208E.cpp","CF208E","树上启发式合并","","","","","",""
"树上启发式合并/CF375D.cpp","CF375D","树上启发式合并","","","","","",""
"树上启发式合并/CF600E.cpp","CF600E","树上启发式合并","","","","","",""
"树上启发式合并/P8907 [USACO22DEC] Making Friends P.cpp","P8907 [USACO22DEC] Making Friends P","树上启发式合并","https://www.luogu.com.cn/problem/P8907","","","","",""
"树上启发式合并/洛谷P4556 .cpp","洛谷P4556 ","树上启发式合并","","","","","",""
"天梯赛/L1-043 阅览室.cpp","L1-043 阅览室","天梯赛","","","","","",""
"天梯赛/L1-046. 整除光棍.cpp","L1-046. 整除光棍","天梯赛","","","","","",""
"天梯赛/L1-100 四项全能.cpp","L1-100 四项全能","天梯赛","","","","","",""
"天梯赛/L1-101 别再来这么多猫娘了！.cpp","L1-101 别再来这么多猫娘了！","天梯赛","","","","","",""
"天梯赛/L1-102 兰州牛肉面.cpp","L1-102 兰州牛肉面","天梯赛","","","","","",""
"天梯赛/L1-103 整数的持续性.cpp","L1-103 整数的持续性","天梯赛","","","","","",""
"天梯赛/L1-104 九宫格.cpp","L1-104 九宫格","天梯赛","","","","","",""
"天梯赛/L1-110 这不是字符串题.cpp","L1-110 这不是字符串题","天梯赛","","","","","",""
"天梯赛/L2-001 紧急救援.cpp","L2-001 紧急救援","天梯赛","","","","","",""
"天梯赛/L2-002 链表去重.cpp","L2-002 链表去重","天梯赛","","","","","",""
"天梯赛/L2-004 这是二叉搜索树吗？.cpp","L2-004 这是二叉搜索树吗？","天梯赛","","","","","",""
"天梯赛/L2-005 集合相似度.cpp","L2-005 集合相似度","天梯赛","","","","","",""
"天梯赛/L2-006 树的遍历.cpp","L2-006 树的遍历","天梯赛","","","","","",""
"天梯赛/L2-007 家庭房产.cpp","L2-007 家庭房产","天梯赛","","","","","",""
"天梯赛/L2-008 最长对称子串.cpp","L2-008 最长对称子串","天梯赛","","","","","",""
"天梯赛/L2-009 抢红包.cpp","L2-009 抢红包","天梯赛","","","","","",""
"天梯赛/L2-010 排座位.cpp","L2-010 排座位","天梯赛","","","","","",""
"天梯赛/L2-011 玩转二叉树.cpp","L2-011 玩转二叉树","天梯赛","","","","","",""
"天梯赛/L2-012 关于堆的判断.cpp","L2-012 关于堆的判断","天梯赛","","","","","",""
"天梯赛/L2-013 红色警报.cpp","L2-013 红色警报","天梯赛","","","","","",""
"天梯赛/L2-014 列车调度.cpp","L2-014 列车调度","天梯赛","","","","","",""
"天梯赛/L2-016 愿天下有情人都是失散多年的兄妹.cpp","L2-016 愿天下有情人都是失散多年的兄妹","天梯赛","","","","","",""
"天梯赛/L2-018 多项式A除以B.cpp","L2-018 多项式A除以B","天梯赛","","","","","",""
"天梯赛/L2-019 悄悄关注.cpp","L2-019 悄悄关注","天梯赛","","","","","",""
"天梯赛/L2-027 名人堂与代金券.cpp","L2-027 名人堂与代金券","天梯赛","","","","","",""
"天梯赛/L2-049 鱼与熊掌.cpp","L2-049 鱼与熊掌","天梯赛","","","","","",""
"天梯赛/L2-050 懂蛇语.cpp","L2-050 懂蛇语","天梯赛","","","","","",""
"天梯赛/L2-051 满树的遍历.cpp","L2-051 满树的遍历","天梯赛","","","","","",""
"天梯赛/L2-052 吉利矩阵.cpp","L2-052 吉利矩阵","天梯赛","","","","","",""
"天梯赛/L3-001 凑零钱.cpp","L3-001 凑零钱","天梯赛","","","","","",""
"天梯赛/L3-005 垃圾箱分布.cpp","L3-005 垃圾箱分布","天梯赛","","","","","",""
"天梯赛/L3-037 夺宝大赛.cpp","L3-037 夺宝大赛","天梯赛","","","","","",""
"线段树板子.cpp","线段树板子","Root","","","","","",""
"线段树板子2.cpp","线段树板子2","Root","","","","","",""
"原clion模板残留/250329/E.cpp","E","原clion模板残留","","","","","",""
"原clion模板残留/250329/F.cpp","F","原clion模板残留","","","","","",""
"原clion模板残留/250329/H.cpp","H","原clion模板残留","","","","","",""
"原clion模板残留/250329/L.cpp","L","原clion模板残留","","","","","",""
"原clion模板残留/Acf/cf-edu-155/A.cpp","A","原clion模板残留","","","","","",""
"原clion模板残留/Acf/cf-edu-155/B.cpp","B","原clion模板残留","","","","","",""
"原clion模板残留/Acf/cf-edu-155/C.cpp","C","原clion模板残留","","","","","",""
"原clion模板残留/Acf/cf-edu-171/A.cpp","A","原clion模板残留","","","","","",""
"原clion模板残留/Acf/cf-edu-171/B.cpp","B","原clion模板残留","","","","","",""
"原clion模板残留/Acf/cf-edu-171/C.cpp","C","原clion模板残留","","","","","",""
"原clion模板残留/Acf/cf-edu-174(div-2)/A.cpp","A","原clion模板残留","","","","","",""
"原clion模板残留/Acf/cf-edu-174(div-2)/B.cpp","B","原clion模板残留","","","","","",""
"原clion模板残留/Acf/cf-edu-174(div-2)/C.cpp","C","原clion模板残留","","","","","",""
"原clion模板残留/Acf/cf-edu-175/A.cpp","A","原clion模板残留","","","","","",""
"原clion模板残留/Acf/cf-edu-175/B.cpp","B","原clion模板残留","","","","","",""
"原clion模板残留/Acf/cf-edu-176/A.cpp","A","原clion模板残留","","","","","",""
"原clion模板残留/Acf/cf-edu-176/B.cpp","B","原clion模板残留","","","","","",""
"原clion模板残留/Acf/cf-edu-176/C.cpp","C","原clion模板残留","","","","","",""
"原clion模板残留/Acf/cf-round-1000/A.cpp","A","原clion模板残留","","","","","",""
"原clion模板残留/Acf/cf-round-1000/B.cpp","B","原clion模板残留","","","","","",""
"原clion模板残留/Acf/cf-round-1000/C.cpp","C","原clion模板残留","","","","","",""
"原clion模板残留/Acf/cf-round-1003(div4)/C1.cpp","C1","原clion模板残留","","","","","",""
"原clion模板残留/Acf/cf-round-1003(div4)/C2.cpp","C2","原clion模板残留","","","","","",""
"原clion模板残留/Acf/cf-round-1003(div4)/D.cpp","D","原clion模板残留","","","","","",""
"原clion模板残留/Acf/cf-round-1003(div4)/E.cpp","E","原clion模板残留","","","","","",""
"原clion模板残留/Acf/cf-round-1005/A.cpp","A","原clion模板残留","","","","","",""
"原clion模板残留/Acf/cf-round-1005/B.cpp","B","原clion模板残留","","","","","",""
"原clion模板残留/Acf/cf-round-1005/C.cpp","C","原clion模板残留","","","","","",""
"原clion模板残留/Acf/cf-round-1006/A.cpp","A","原clion模板残留","","","","","",""
"原clion模板残留/Acf/cf-round-1006/B.cpp","B","原clion模板残留","","","","","",""
"原clion模板残留/Acf/cf-round-1006/C.cpp","C","原clion模板残留","","","","","",""
"原clion模板残留/Acf/cf-round-1006/D.cpp","D","原clion模板残留","","","","","",""
"原clion模板残留/Acf/cf-round-1007/A.cpp","A","原clion模板残留","","","","","",""
"原clion模板残留/Acf/cf-round-1007/B.cpp","B","原clion模板残留","","","","","",""
"原clion模板残留/Acf/cf-round-1007/C.cpp","C","原clion模板残留","","","","","",""
"原clion模板残留/Acf/cf-round-1008/A.cpp","A","原clion模板残留","","","","","",""
"原clion模板残留/Acf/cf-round-1008/B.cpp","B","原clion模板残留","","","","","",""
"原clion模板残留/Acf/cf-round-1009/A.cpp","A","原clion模板残留","","","","","",""
"原clion模板残留/Acf/cf-round-1009/B.cpp","B","原clion模板残留","","","","","",""
"原clion模板残留/Acf/cf-round-1009/C.cpp","C","原clion模板残留","","","","","",""
"原clion模板残留/Acf/cf-round-1009/D.cpp","D","原clion模板残留","","","","","",""
"原clion模板残留/Acf/cf-round-1010/A.cpp","A","原clion模板残留","","","","","",""
"原clion模板残留/Acf/cf-round-1010/B.cpp","B","原clion模板残留","","","","","",""
"原clion模板残留/Acf/cf-round-1011/A.cpp","A","原clion模板残留","","","","","",""
"原clion模板残留/Acf/cf-round-1011/B.cpp","B","原clion模板残留","","","","","",""
"原clion模板残留/Acf/cf-round-1011/C.cpp","C","原clion模板残留","","","","","",""
"原clion模板残留/Acf/cf-round-1013/B.cpp","B","原clion模板残留","","","","","",""
"原clion模板残留/Acf/cf-round-1013/C.cpp","C","原clion模板残留","","","","","",""
"原clion模板残留/Acf/cf-round-1013/D.cpp","D","原clion模板残留","","","","","",""
"原clion模板残留/Acf/cf-round-1013/E.cpp","E","原clion模板残留","","","","","",""
"原clion模板残留/Acf/cf-round-1014/A.cpp","A","原clion模板残留","","","","","",""
"原clion模板残留/Acf/cf-round-1014/B.cpp","B","原clion模板残留","","","","","",""
"原clion模板残留/Acf/cf-round-1014/C.cpp","C","原clion模板残留","","","","","",""
"原clion模板残留/Acf/cf-round-640/A.cpp","A","原clion模板残留","","","","","",""
"原clion模板残留/Acf/cf-round-640/B.cpp","B","原clion模板残留","","","","","",""
"原clion模板残留/Acf/cf-round-640/C.cpp","C","原clion模板残留","","","","","",""
"原clion模板残留/Acf/cf-round-640/D.cpp","D","原clion模板残留","","","","","",""
"原clion模板残留/Acf/cf-round-736/A.cpp","A","原clion模板残留","","","","","",""
"原clion模板残留/Acf/cf-round-790/C.cpp","C","原clion模板残留","","","","","",""
"原clion模板残留/Acf/cf-round-790/D.cpp","D","原clion模板残留","","","","","",""
"原clion模板残留/Acf/cf-round-790/E.cpp","E","原clion模板残留","","","","","",""
"原clion模板残留/Acf/cf-round-790/F.cpp","F","原clion模板残留","","","","","",""
"原clion模板残留/Acf/cf-round-797/A.cpp","A","原clion模板残留","","","","","",""
"原clion模板残留/Acf/cf-round-797/B.cpp","B","原clion模板残留","","","","","",""
"原clion模板残留/Acf/cf-round-797/C.cpp","C","原clion模板残留","","","","","",""
"原clion模板残留/Acf/cf-round-797/D.cpp","D","原clion模板残留","","","","","",""
"原clion模板残留/Acf/cf-round-797/E.cpp","E","原clion模板残留","","","","","",""
"原clion模板残留/Acf/cf-round-806/E.cpp","E","原clion模板残留","","","","","",""
"原clion模板残留/Acf/cf-round-806/F.cpp","F","原clion模板残留","","","","","",""
"原clion模板残留/Acf/cf-round-866/A.cpp","A","原clion模板残留","","","","","",""
"原clion模板残留/Acf/cf-round-866/B.cpp","B","原clion模板残留","","","","","",""
"原clion模板残留/Acf/cf-round-866/C.cpp","C","原clion模板残留","","","","","",""
"原clion模板残留/Acf/cf-round-868/A.cpp","A","原clion模板残留","","","","","",""
"原clion模板残留/Acf/cf-round-868/B.cpp","B","原clion模板残留","","","","","",""
"原clion模板残留/Acf/cf-round-868/C.cpp","C","原clion模板残留","","","","","",""
"原clion模板残留/Acf/cf-round-885/A.cpp","A","原clion模板残留","","","","","",""
"原clion模板残留/Acf/cf-round-885/B.cpp","B","原clion模板残留","","","","","",""
"原clion模板残留/Acf/cf-round-885/C.cpp","C","原clion模板残留","","","","","",""
"原clion模板残留/Acf/cf-round-896/A.cpp","A","原clion模板残留","","","","","",""
"原clion模板残留/Acf/cf-round-896/B.cpp","B","原clion模板残留","","","","","",""
"原clion模板残留/Acf/cf-round-914/B.cpp","B","原clion模板残留","","","","","",""
"原clion模板残留/Acf/cf-round-914/C.cpp","C","原clion模板残留","","","","","",""
"原clion模板残留/Acf/cf-round-918/E.cpp","E","原clion模板残留","","","","","",""
"原clion模板残留/Acf/cf-round-928/A.cpp","A","原clion模板残留","","","","","",""
"原clion模板残留/Acf/cf-round-928/B.cpp","B","原clion模板残留","","","","","",""
"原clion模板残留/Acf/cf-round-928/C.cpp","C","原clion模板残留","","","","","",""
"原clion模板残留/Acf/cf-round-928/D.cpp","D","原clion模板残留","","","","","",""
"原clion模板残留/Acf/cf-round-928/E.cpp","E","原clion模板残留","","","","","",""
"原clion模板残留/Acf/cf-round-929/A.cpp","A","原clion模板残留","","","","","",""
"原clion模板残留/Acf/cf-round-929/B.cpp","B","原clion模板残留","","","","","",""
"原clion模板残留/Acf/cf-round-929/C.cpp","C","原clion模板残留","","","","","",""
"原clion模板残留/Acf/cf-round-929/D.cpp","D","原clion模板残留","","","","","",""
"原clion模板残留/Acf/cf-round-938-div 3/A.cpp","A","原clion模板残留","","","","","",""
"原clion模板残留/Acf/cf-round-938-div 3/B.cpp","B","原clion模板残留","","","","","",""
"原clion模板残留/Acf/cf-round-938-div 3/B2.cpp","B2","原clion模板残留","https://www.luogu.com.cn/problem/B2","","","","",""
"原clion模板残留/Acf/cf-round-938-div 3/C.cpp","C","原clion模板残留","","","","","",""
"原clion模板残留/Acf/cf-round-938-div 3/D.cpp","D","原clion模板残留","","","","","",""
"原clion模板残留/Acf/cf-round-938-div 3/E.cpp","E","原clion模板残留","","","","","",""
"原clion模板残留/Acf/cf-round-938-div 3/F.cpp","F","原clion模板残留","","","","","",""
"原clion模板残留/Acf/cf-round-946/B-Symmetric Encoding.cpp","B-Symmetric Encoding","原clion模板残留","","","","","",""
"原clion模板残留/Acf/cf-round-946/C-Beautiful Triple Pairs（容斥原理）.cpp","C-Beautiful Triple Pairs（容斥原理）","原clion模板残留","","","","","",""
"原clion模板残留/Acf/cf-round-973/A.cpp","A","原clion模板残留","","","","","",""
"原clion模板残留/Acf/cf-round-973/B.cpp","B","原clion模板残留","","","","","",""
"原clion模板残留/Acf/cf-round-973/C.cpp","C","原clion模板残留","","","","","",""
"原clion模板残留/Acf/cf-round-986/A.cpp","A","原clion模板残留","","","","","",""
"原clion模板残留/Acf/cf-round-986/B.cpp","B","原clion模板残留","","","","","",""
"原clion模板残留/Acf/cf-round-994/A.cpp","A","原clion模板残留","","","","","",""
"原clion模板残留/Acf/cf-round-994/B.cpp","B","原clion模板残留","","","","","",""
"原clion模板残留/Acf/cf-round-994/C.cpp","C","原clion模板残留","","","","","",""
"原clion模板残留/Acf/cf-round-996/C-The Trail.cpp","C-The Trail","原clion模板残留","","","","","",""
"原clion模板残留/Acf/cf-round-997/B-Find the Permutation.cpp","B-Find the Permutation","原clion模板残留","","","","","",""
"原clion模板残留/Acf/cf-round-997/C-Palindromic Subsequences.cpp","C-Palindromic Subsequences","原clion模板残留","","","","","",""
"原clion模板残留/Avj/STL-A-Where is the Marble.cpp","STL-A-Where is the Marble","原clion模板残留","","","","","",""
"原clion模板残留/Avj/STL-string -B.cpp","STL-string -B","原clion模板残留","","","","","",""
"原clion模板残留/Avj/差分--借教室.cpp","差分--借教室","原clion模板残留","","","","","",""
"原clion模板残留/Avj/单调队列--滑动窗口.cpp","单调队列--滑动窗口","原clion模板残留","","","","","",""
"原clion模板残留/Avj/单调栈--D--最大矩形.cpp","单调栈--D--最大矩形","原clion模板残留","","","","","",""
"原clion模板残留/Avj/欧拉.cpp","欧拉","原clion模板残留","","","","","",""
"原clion模板残留/Avj/图遍历--A.cpp","图遍历--A","原clion模板残留","","","","","",""
"原clion模板残留/Avj/图遍历--B.cpp","图遍历--B","原clion模板残留","","","","","",""
"原clion模板残留/A板子/A模板.cpp","A模板","原clion模板残留","","","","","",""
"原clion模板残留/A板子/进制.cpp","进制","原clion模板残留","","","","","",""
"原clion模板残留/A测试/code1.cpp","code1","原clion模板残留","","","","","",""
"原clion模板残留/A测试/code2.cpp","code2","原clion模板残留","","","","","",""
"原clion模板残留/A测试/code3.cpp","code3","原clion模板残留","","","","","",""
"原clion模板残留/A测试/code4.cpp","code4","原clion模板残留","","","","","",""
"原clion模板残留/A洛谷/P1020/导弹拦截.cpp","导弹拦截","原clion模板残留","","","","","",""
"原clion模板残留/A洛谷/P3647/floyd算法.cpp","floyd算法","原clion模板残留","","","","","",""
"原clion模板残留/A洛谷/最小生成树(模板)/P3366(kruskal).cpp","P3366(kruskal)","原clion模板残留","https://www.luogu.com.cn/problem/P3366","","","","",""
"原clion模板残留/A洛谷/最小生成树(模板)/P3366(prim).cpp","P3366(prim)","原clion模板残留","https://www.luogu.com.cn/problem/P3366","","","","",""
"原clion模板残留/A牛客/第二场/C.cpp","C","原clion模板残留","","","","","",""
"原clion模板残留/A牛客/第二场/D.cpp","D","原clion模板残留","","","","","",""
"原clion模板残留/A牛客/第二场/H.cpp","H","原clion模板残留","","","","","",""
"原clion模板残留/A牛客/第二场/J.cpp","J","原clion模板残留","","","","","",""
"原clion模板残留/A牛客/第二场/K.cpp","K","原clion模板残留","","","","","",""
"原clion模板残留/A牛客/第六场/A.cpp","A","原clion模板残留","","","","","",""
"原clion模板残留/A牛客/第六场/C.cpp","C","原clion模板残留","","","","","",""
"原clion模板残留/A牛客/第六场/I.cpp","I","原clion模板残留","","","","","",""
"原clion模板残留/A牛客/第六场/L.cpp","L","原clion模板残留","","","","","",""
"原clion模板残留/A牛客/第四场/B.cpp","B","原clion模板残留","","","","","",""
"原clion模板残留/A牛客/第四场/E.cpp","E","原clion模板残留","","","","","",""
"原clion模板残留/A牛客/第四场/I.cpp","I","原clion模板残留","","","","","",""
"原clion模板残留/A牛客/第四场/I补.cpp","I补","原clion模板残留","","","","","",""
"原clion模板残留/A牛客/第五场/A.cpp","A","原clion模板残留","","","","","",""
"原clion模板残留/A牛客/第五场/B.cpp","B","原clion模板残留","","","","","",""
"原clion模板残留/A牛客/第五场/E.cpp","E","原clion模板残留","","","","","",""
"原clion模板残留/A牛客/第五场/I.cpp","I","原clion模板残留","","","","","",""
"原clion模板残留/A牛客/第五场/J.cpp","J","原clion模板残留","","","","","",""
"原clion模板残留/A牛客/第一场/E.cpp","E","原clion模板残留","","","","","",""
"原clion模板残留/A牛客/第一场/H.cpp","H","原clion模板残留","","","","","",""
"原clion模板残留/A省赛补/河南省赛/2022/F.cpp","F","原clion模板残留","","","","","",""
"原clion模板残留/A省赛补/河南省赛/2022/H.cpp","H","原clion模板残留","","","","","",""
"原clion模板残留/A省赛补/河南省赛/2022/J.cpp","J","原clion模板残留","","","","","",""
"原clion模板残留/A省赛补/黑龙江省赛15届/C.cpp","C","原clion模板残留","","","","","",""
"原clion模板残留/A省赛补/湖南/2024/C-log2-签到.cpp","C-log2-签到","原clion模板残留","","","","","",""
"原clion模板残留/A省赛补/新疆省赛/E.cpp","E","原clion模板残留","","","","","",""
"原clion模板残留/A省赛补/新疆省赛/F.cpp","F","原clion模板残留","","","","","",""
"原clion模板残留/A省赛补/新疆省赛/G.cpp","G","原clion模板残留","","","","","",""
"原clion模板残留/A省赛补/新疆省赛/I.cpp","I","原clion模板残留","","","","","",""
"原clion模板残留/A省赛补/新疆省赛/J.cpp","J","原clion模板残留","","","","","",""
"原clion模板残留/A省赛补/新疆省赛/K.cpp","K","原clion模板残留","","","","","",""
"原clion模板残留/A省赛补/浙江/18届/C-判断立方体-数学.cpp","C-判断立方体-数学","原clion模板残留","","","","","",""
"原clion模板残留/A省赛补/浙江/18届/F-分块算法.cpp","F-分块算法","原clion模板残留","","","","","",""
"原clion模板残留/A省赛补/浙江/18届/J-完全背包+bfs+图.cpp","J-完全背包+bfs+图","原clion模板残留","","","","","",""
"原clion模板残留/A省赛补/浙江/18届/L-KMP原理.cpp","L-KMP原理","原clion模板残留","","","","","",""
"原clion模板残留/A团队赛/001/G-gcd.cpp","G-gcd","原clion模板残留","","","","","",""
"原clion模板残留/A团队赛/001/H-构造.cpp","H-构造","原clion模板残留","","","","","",""
"原clion模板残留/A团队赛/001/J-博弈-思维.cpp","J-博弈-思维","原clion模板残留","","","","","",""
"原clion模板残留/A团队赛/002/H.cpp","H","原clion模板残留","","","","","",""
"原clion模板残留/A团队赛/002/K-乘法逆元-卡特兰数.cpp","K-乘法逆元-卡特兰数","原clion模板残留","","","","","",""
"原clion模板残留/cmake-build-debug/CMakeFiles/3.28.1/CompilerIdCXX/CMakeCXXCompilerId.cpp","CMakeCXXCompilerId","原clion模板残留","","","","","",""
"原clion模板残留/dp/导弹拦截.cpp","导弹拦截","原clion模板残留","","","","","",""
"原clion模板残留/G.cpp","G","原clion模板残留","","","","","",""
"原clion模板残留/ijj1.cpp","ijj1","原clion模板残留","","","","","",""
"原clion模板残留/KMP/A.cpp","A","原clion模板残留","","","","","",""
"原clion模板残留/KMP/板子/KMP板子.cpp","KMP板子","原clion模板残留","","","","","",""
"原clion模板残留/KMP/板子/朴素.cpp","朴素","原clion模板残留","","","","","",""
"原clion模板残留/lower/upper_bound/1.cpp","1","原clion模板残留","","","","","",""
"原clion模板残留/main.cpp","main","原clion模板残留","","","","","",""
"原clion模板残留/nyist第二次训练赛/A.cpp","A","原clion模板残留","","","","","",""
"原clion模板残留/nyist第二次训练赛/B.cpp","B","原clion模板残留","","","","","",""
"原clion模板残留/nyist第二次训练赛/C.cpp","C","原clion模板残留","","","","","",""
"原clion模板残留/nyist第二次训练赛/D.cpp","D","原clion模板残留","","","","","",""
"原clion模板残留/nyist第二次训练赛/E.cpp","E","原clion模板残留","","","","","",""
"原clion模板残留/nyist第二次训练赛/F.cpp","F","原clion模板残留","","","","","",""
"原clion模板残留/nyist第二次训练赛/G.cpp","G","原clion模板残留","","","","","",""
"原clion模板残留/nyist第二次训练赛/I.cpp","I","原clion模板残留","","","","","",""
"原clion模板残留/nyist第二次训练赛/J.cpp","J","原clion模板残留","","","","","",""
"原clion模板残留/nyist第三次训练赛/A.cpp","A","原clion模板残留","","","","","",""
"原clion模板残留/nyist第三次训练赛/B.cpp","B","原clion模板残留","","","","","",""
"原clion模板残留/nyist第三次训练赛/C.cpp","C","原clion模板残留","","","","","",""
"原clion模板残留/nyist第三次训练赛/D.cpp","D","原clion模板残留","","","","","",""
"原clion模板残留/nyist第三次训练赛/F.cpp","F","原clion模板残留","","","","","",""
"原clion模板残留/nyist第三次训练赛/G.cpp","G","原clion模板残留","","","","","",""
"原clion模板残留/nyist第三次训练赛/H.cpp","H","原clion模板残留","","","","","",""
"原clion模板残留/nyist第三次训练赛/I.cpp","I","原clion模板残留","","","","","",""
"原clion模板残留/nyist第三次训练赛/J.cpp","J","原clion模板残留","","","","","",""
"原clion模板残留/nyist第三次训练赛/K.cpp","K","原clion模板残留","","","","","",""
"原clion模板残留/nyist第三次训练赛/L.cpp","L","原clion模板残留","","","","","",""
"原clion模板残留/nyist第四次训练赛/A.cpp","A","原clion模板残留","","","","","",""
"原clion模板残留/nyist第四次训练赛/B.cpp","B","原clion模板残留","","","","","",""
"原clion模板残留/nyist第四次训练赛/C.cpp","C","原clion模板残留","","","","","",""
"原clion模板残留/nyist第四次训练赛/D.cpp","D","原clion模板残留","","","","","",""
"原clion模板残留/nyist第四次训练赛/E.cpp","E","原clion模板残留","","","","","",""
"原clion模板残留/nyist第四次训练赛/F.cpp","F","原clion模板残留","","","","","",""
"原clion模板残留/nyist第四次训练赛/H.cpp","H","原clion模板残留","","","","","",""
"原clion模板残留/nyist第四次训练赛/I.cpp","I","原clion模板残留","","","","","",""
"原clion模板残留/nyist第四次训练赛/J.cpp","J","原clion模板残留","","","","","",""
"原clion模板残留/nyist第四次训练赛/L.cpp","L","原clion模板残留","","","","","",""
"原clion模板残留/nyist第五次训练赛/A.cpp","A","原clion模板残留","","","","","",""
"原clion模板残留/nyist第五次训练赛/B.cpp","B","原clion模板残留","","","","","",""
"原clion模板残留/nyist第五次训练赛/C.cpp","C","原clion模板残留","","","","","",""
"原clion模板残留/nyist第五次训练赛/F.cpp","F","原clion模板残留","","","","","",""
"原clion模板残留/nyist第五次训练赛/H.cpp","H","原clion模板残留","","","","","",""
"原clion模板残留/nyist第五次训练赛/K.cpp","K","原clion模板残留","","","","","",""
"原clion模板残留/nyist第五次训练赛/L.cpp","L","原clion模板残留","","","","","",""
"原clion模板残留/nyist第五次训练赛/M.cpp","M","原clion模板残留","","","","","",""
"原clion模板残留/nyist第一次训练赛/A.cpp","A","原clion模板残留","","","","","",""
"原clion模板残留/nyist第一次训练赛/B.cpp","B","原clion模板残留","","","","","",""
"原clion模板残留/nyist第一次训练赛/F.cpp","F","原clion模板残留","","","","","",""
"原clion模板残留/nyist第一次训练赛/H.cpp","H","原clion模板残留","","","","","",""
"原clion模板残留/nyist第一次训练赛/I.cpp","I","原clion模板残留","","","","","",""
"原clion模板残留/nyist第一次训练赛/J.cpp","J","原clion模板残留","","","","","",""
"原clion模板残留/nyist第一次训练赛/K/k-1.cpp","k-1","原clion模板残留","","","","","",""
"原clion模板残留/nyist第一次训练赛/K/k-2.cpp","k-2","原clion模板残留","","","","","",""
"原clion模板残留/nyist第一次训练赛/L.cpp","L","原clion模板残留","","","","","",""
"原clion模板残留/oko1.cpp","oko1","原clion模板残留","","","","","",""
"原clion模板残留/other/I&^.cpp","I&^","原clion模板残留","","","","","",""
"原clion模板残留/Two 分/A.cpp","A","原clion模板残留","","","","","",""
"原clion模板残留/Two 分/B.cpp","B","原clion模板残留","","","","","",""
"原clion模板残留/Two 分/D.cpp","D","原clion模板残留","","","","","",""
"原clion模板残留/Two 分/E.cpp","E","原clion模板残留","","","","","",""
"原clion模板残留/Two 分/F.cpp","F","原clion模板残留","","","","","",""
"原clion模板残留/Two 分/G.cpp","G","原clion模板残留","","","","","",""
"原clion模板残留/Two 分/I.cpp","I","原clion模板残留","","","","","",""
"原clion模板残留/Two 分/M.cpp","M","原clion模板残留","","","","","",""
"原clion模板残留/Two 分/P.cpp","P","原clion模板残留","","","","","",""
"原clion模板残留/Two 分/R.cpp","R","原clion模板残留","","","","","",""
"原clion模板残留/Two 分/S.cpp","S","原clion模板残留","","","","","",""
"原clion模板残留/Two 分/T.cpp","T","原clion模板残留","","","","","",""
"原clion模板残留/Two 分/W.cpp","W","原clion模板残留","","","","","",""
"原clion模板残留/Two 分/二分板子.cpp","二分板子","原clion模板残留","","","","","",""
"原clion模板残留/并查集/A.cpp","A","原clion模板残留","","","","","",""
"原clion模板残留/并查集/B.cpp","B","原clion模板残留","","","","","",""
"原clion模板残留/并查集/C.cpp","C","原clion模板残留","","","","","",""
"原clion模板残留/并查集/H.cpp","H","原clion模板残留","","","","","",""
"原clion模板残留/并查集/I.cpp","I","原clion模板残留","","","","","",""
"原clion模板残留/并查集/M.cpp","M","原clion模板残留","","","","","",""
"原clion模板残留/博弈/1.cpp","1","原clion模板残留","","","","","",""
"原clion模板残留/单调栈和队列/A.cpp","A","原clion模板残留","","","","","",""
"原clion模板残留/单调栈和队列/B.cpp","B","原clion模板残留","","","","","",""
"原clion模板残留/单调栈和队列/C.cpp","C","原clion模板残留","","","","","",""
"原clion模板残留/单调栈和队列/D.cpp","D","原clion模板残留","","","","","",""
"原clion模板残留/单调栈和队列/E.cpp","E","原clion模板残留","","","","","",""
"原clion模板残留/单调栈和队列/单调队列.cpp","单调队列","原clion模板残留","","","","","",""
"原clion模板残留/单调栈和队列/单调栈.cpp","单调栈","原clion模板残留","","","","","",""
"原clion模板残留/归并排序/1.cpp","1","原clion模板残留","","","","","",""
"原clion模板残留/归并排序/cf.918.f.cpp","cf.918.f","原clion模板残留","","","","","",""
"原clion模板残留/归并排序/归并排序.求逆序对.cpp","归并排序.求逆序对","原clion模板残留","","","","","",""
"原clion模板残留/哈希hash/A.cpp","A","原clion模板残留","","","","","",""
"原clion模板残留/哈希hash/板子/1.cpp","1","原clion模板残留","","","","","",""
"原clion模板残留/哈希hash/板子/双哈希.cpp","双哈希","原clion模板残留","","","","","",""
"原clion模板残留/哈希hash/牛客-白兔的字符串/s1.cpp","s1","原clion模板残留","","","","","",""
"原clion模板残留/哈希hash/牛客-白兔的字符串/双哈希.cpp","双哈希","原clion模板残留","","","","","",""
"原clion模板残留/河南萌新赛2025/01/B-代价转移-最短路.cpp","B-代价转移-最短路","原clion模板残留","","","","","",""
"原clion模板残留/河南萌新赛2025/01/D-坐电梯-模拟-（优先）队列.cpp","D-坐电梯-模拟-（优先）队列","原clion模板残留","","","","","",""
"原clion模板残留/河南萌新赛2025/01/G-最大子段和，但是两段-Kadane算法.cpp","G-最大子段和，但是两段-Kadane算法","原clion模板残留","","","","","",""
"原clion模板残留/河南萌新赛2025/01/I-二进制转化-01trick.cpp","I-二进制转化-01trick","原clion模板残留","","","","","",""
"原clion模板残留/河南萌新赛2025/01/M-无聊的子数组.cpp","M-无聊的子数组","原clion模板残留","","","","","",""
"原clion模板残留/马拉车Manacher/A.cpp","A","原clion模板残留","","","","","",""
"原clion模板残留/逆元/A.cpp","A","原clion模板残留","","","","","",""
"原clion模板残留/逆元/B.cpp","B","原clion模板残留","","","","","",""
"原clion模板残留/逆元/C.cpp","C","原clion模板残留","","","","","",""
"原clion模板残留/逆元/板子.cpp","板子","原clion模板残留","","","","","",""
"原clion模板残留/排位赛/fi/A.cpp","A","原clion模板残留","","","","","",""
"原clion模板残留/排位赛/fi/B.cpp","B","原clion模板残留","","","","","",""
"原clion模板残留/排位赛/fi/C.cpp","C","原clion模板残留","","","","","",""
"原clion模板残留/排位赛/fi/L.cpp","L","原clion模板残留","","","","","",""
"原clion模板残留/排位赛/fi/M.cpp","M","原clion模板残留","","","","","",""
"原clion模板残留/排位赛/se/A.cpp","A","原clion模板残留","","","","","",""
"原clion模板残留/排位赛/se/C.cpp","C","原clion模板残留","","","","","",""
"原clion模板残留/排位赛/se/G.cpp","G","原clion模板残留","","","","","",""
"原clion模板残留/排位赛/se/J.cpp","J","原clion模板残留","","","","","",""
"原clion模板残留/排位赛/se/K.cpp","K","原clion模板残留","","","","","",""
"原clion模板残留/求因子个数/质因数分解.cpp","质因数分解","原clion模板残留","","","","","",""
"原clion模板残留/树状数组/A.cpp","A","原clion模板残留","","","","","",""
"原clion模板残留/树状数组/B.cpp","B","原clion模板残留","","","","","",""
"原clion模板残留/树状数组/bz/区间修改查询.cpp","区间修改查询","原clion模板残留","","","","","",""
"原clion模板残留/树状数组/C.cpp","C","原clion模板残留","","","","","",""
"原clion模板残留/树状数组/D.cpp","D","原clion模板残留","","","","","",""
"原clion模板残留/树状数组/E.cpp","E","原clion模板残留","","","","","",""
"原clion模板残留/树状数组/F.cpp","F","原clion模板残留","","","","","",""
"原clion模板残留/树状数组/G.cpp","G","原clion模板残留","","","","","",""
"原clion模板残留/图的遍历与存储/A.cpp","A","原clion模板残留","","","","","",""
"原clion模板残留/图的遍历与存储/B.cpp","B","原clion模板残留","","","","","",""
"原clion模板残留/图的遍历与存储/C.cpp","C","原clion模板残留","","","","","",""
"原clion模板残留/图的遍历与存储/D.cpp","D","原clion模板残留","","","","","",""
"原clion模板残留/图的遍历与存储/板子/链式前向星.cpp","链式前向星","原clion模板残留","","","","","",""
"原clion模板残留/图的遍历与存储/板子/邻接表.cpp","邻接表","原clion模板残留","","","","","",""
"原clion模板残留/图的遍历与存储/板子/邻接矩阵.cpp","邻接矩阵","原clion模板残留","","","","","",""
"原clion模板残留/线段树/Cti/C.cpp","C","原clion模板残留","","","","","",""
"原clion模板残留/线段树/Cti/C2.cpp","C2","原clion模板残留","","","","","",""
"原clion模板残留/线段树/板子A/A.cpp","A","原clion模板残留","","","","","",""
"原clion模板残留/线段树/板子A/B.cpp","B","原clion模板残留","","","","","",""
"原clion模板残留/线段树/板子A/C.cpp","C","原clion模板残留","","","","","",""
"原clion模板残留/线段树/板子A/H.cpp","H","原clion模板残留","","","","","",""
"原clion模板残留/线段树/板子A/M.cpp","M","原clion模板残留","","","","","",""
"原clion模板残留/线段树/板子A/O.cpp","O","原clion模板残留","","","","","",""
"原clion模板残留/线段树/板子A/P.cpp","P","原clion模板残留","","","","","",""
"原clion模板残留/组合数/A.cpp","A","原clion模板残留","","","","","",""
"原clion模板残留/组合数/B.cpp","B","原clion模板残留","","","","","",""
"原clion模板残留/组合数/D.cpp","D","原clion模板残留","","","","","",""
"原clion模板残留/组合数/E.cpp","E","原clion模板残留","","","","","",""
"原clion模板残留/组合数/快速幂+乘法逆元.cpp","快速幂+乘法逆元","原clion模板残留","","","","","",""
"原clion模板残留/组合数/卢卡斯lucas.cpp","卢卡斯lucas","原clion模板残留","","","","","",""
"原clion模板残留/最短路/A(邻接矩阵).cpp","A(邻接矩阵)","原clion模板残留","","","","","",""
"原clion模板残留/最短路/B.cpp","B","原clion模板残留","","","","","",""
"原clion模板残留/最短路/C.cpp","C","原clion模板残留","","","","","",""
"原clion模板残留/最短路/D.cpp","D","原clion模板残留","","","","","",""
"原clion模板残留/最短路/E.cpp","E","原clion模板残留","","","","","",""
"原clion模板残留/最短路/F.cpp","F","原clion模板残留","","","","","",""
"原clion模板残留/最短路/floyd/1.cpp","1","原clion模板残留","","","","","",""
"原clion模板残留/最小生成树/A.cpp","A","原clion模板残留","","","","","",""
"原clion模板残留/最小生成树/B-kruskal.cpp","B-kruskal","原clion模板残留","","","","","",""
"原clion模板残留/最小生成树/C.cpp","C","原clion模板残留","","","","","",""
"原clion模板残留/最小生成树/D.cpp","D","原clion模板残留","","","","","",""
"原clion模板残留/最小生成树/E.cpp","E","原clion模板残留","","","","","",""
"原clion模板残留/最小生成树/F.cpp","F","原clion模板残留","","","","","",""
"最短路板子.cpp","最短路板子","Root","","","","","",""
